Workbook

Sheet Dashboard
B1: Cu Removal from Recycled Steel — CALPHAD Screening Workbook
B2: MSE 4381 Capstone | Honda R&D Americas | TCOX14 Database | Spring 2026
B4: PROJECT SUMMARY
B5: Recycled steel contains 0.25-0.3% Cu from wiring and motors, causing hot shortness above 0.1%.
B6: This workbook screens 17 ceramic oxides for Cu removal via ternary compound formation (Cu + MOx + O2 -> CuMOy).
B7: All 16 modeled ternary reactions are thermodynamically favorable (negative dG). Top candidates: CuFe2O4 (-112 kJ), Cu3V2O8 (-109 kJ), CuMn2O4 (-64 kJ).
B8: At steelmaking temperatures (1800K), Cu capture occurs via dissolution into oxide slag, not crystalline compound formation.
B10: HOW TO USE THIS WORKBOOK
B11: Tabs are color-coded. Click any formula cell in a blue tab to trace it back to source data.
B13: Tab | C13: Color | D13: Purpose | E13: Key Contents
B14: Dashboard | C14: BLUE | D14: Analysis | E14: This tab. Project overview, navigation, key figures.
B15: Screening_Summary | C15: BLUE | D15: Analysis | E15: One row per oxide: binary verdict, ternary verdict, tier rank.
B16: CuFe2O4_DeepDive | C16: BLUE | D16: Analysis | E16: Decompose CuFe2O4 reaction into Cu-capture vs Fe-oxidation.
B17: Activity_and_Slag | C17: BLUE | D17: Analysis | E17: Dilute Cu penalty, gamma sensitivity, slag basicity effects.
B18: Normalization | C18: BLUE | D18: Analysis | E18: Full stoichiometry (17 binary + 18 ternary) + 2 worked examples.
B19: Screening_Table | C19: GREEN | D19: Results | E19: Binary oxide dG at 3 temperatures + physical properties.
B20: Ternary_Verdicts | C20: GREEN | D20: Results | E20: Ternary product dG at 3 temperatures + phase data.
B21: Activity_Corrected | C21: GREEN | D21: Results | E21: Activity-corrected dG for all products across temperature.
B22: OX_Gibbs | C22: GRAY | D22: Raw Data | E22: Oxide Gibbs energies (18 oxides, 500-2000K, TCOX14).
B23: Ternary_Rxns | C23: GRAY | D23: Raw Data | E23: Ternary reaction energies (16 systems x 23 temps).
B24: dG_Top6 | C24: GRAY | D24: Raw Data | E24: Fine-resolution dG vs T for top 6 candidates (25K steps).
... B28: Phase_Map | C28: GRAY | D28: Raw Data | E28: 20x20 ternary composition grid phase mapping at 1800K.
B30: DATA PROVENANCE
B31: Source Tab | C31: Source CSV | D31: Database | E31: Date | F31: Generating Script
B32: OX_Gibbs | C32: oxide_gibbs_energies.csv | D32: TCOX14+SSUB3 | E32: Mar 12 | F32: extract_oxide_gibbs.py
B33: Ternary_Rxns | C33: ternary_reaction_energies.csv | D33: TCOX14 | E33: Mar 13 | F33: extract_ternary_reactions.py
B34: dG_Top6 | C34: dG_vs_T_top6.csv | D34: TCOX14 | E34: Mar 13 | F34: dG_vs_T_top6.py
B35: CuFe2O4_Raw | C35: cufe2o4_alternative_reaction.csv | D35: TCOX14 | E35: Mar 13 | F35: cufe2o4_alternative_reaction.py
B36: Cu_Activity | C36: cu_activity_vs_oxide.csv | D36: TCOX14 | E36: Mar 13 | F36: cu_activity_vs_oxide.py
B37: Slag_Effects | C37: slag_composition_effects.csv | D37: TCOX14 | E37: Mar 13 | F37: slag_composition_effects.py
B38: Phase_Map | C38: ternary_phase_map_1800K.csv | D38: TCOX14 | E38: Mar 13 | F38: ternary_phase_map_1800K.py
B39: Activity_Corrected | C39: activity_corrected_dG.csv | D39: (derived) | E39: Mar 13 | F39: compute_activity_corrected_dG.py
B40: Screening_Table | C40: screening_table.csv | D40: (derived) | E40: Mar 13 | F40: build_combined_screening.py
B41: Ternary_Verdicts | C41: ternary_screening_results.csv | D41: (derived) | E41: Mar 13 | F41: compute_ternary_dG.py
B44: KEY FIGURES
B45: Figure 1. Reaction driving force vs temperature for top 6 ternary Cu-capture candidates (25K resolution, TCOX14). Data: dG_Top6 tab.
B72: Figure 2. Activity-corrected dG comparison: pure reference vs dilute Cu (X_Cu=0.003, gamma=8.5). Data: Activity_and_Slag tab.
B93: Figure 3. CuFe2O4 reaction decomposition: total dG split into Cu-capture and Fe-oxidation contributions. Data: CuFe2O4_DeepDive tab.
B113: Figure 4. Effect of slag basicity on Cu activity: MnO:SiO2 and Al2O3:SiO2 ratios at 1800K. Data: Slag_Effects tab.
B141: Generated by build_unified_xlsx.py | All plots: matplotlib (colorblind-friendly palette per CLAUDE.md)

Sheet Screening_Summary
A1: SCREENING SUMMARY — Binary oxide stability + ternary Cu-capture potential for 17 candidate oxides
A2: All values reference the green/gray backing tabs. Click any formula cell to trace its source.
A3: Oxide | B3: Formula | C3: Density (g/cm³) | D3: Melting Point (°C) | E3: Floats on Steel? | F3: ΔG_binary @ 1527°C (kJ/mol O₂) | G3: Binary Verdict | H3: Best Ternary Product | I3: ΔG_ternary @ 1527°C (kJ) | J3: Ternary Verdict | K3: Tier
A4: =Screening_Table!A4 -> MgO | B4: =Screening_Table!B4 -> MgO | C4: =Screening_Table!C4 -> 3.58 | D4: =Screening_Table!D4 -> 2852 | E4: =Screening_Table!E4 -> Yes | F4: =Screening_Table!I4 -> 642.9 | G4: =IF(ISNUMBER(F4),IF(F4<0,"Cu REDUCES","STABLE"),"N/A") -> STABLE | H4: =Ternary_Verdicts!A14 -> CuMgO2 | I4: =Ternary_Verdicts!G14 -> -26.1 | J4: =IF(ISNUMBER(I4),IF(I4<0,"Cu CAPTURED","NO CAPTURE"),"N/A") -> Cu CAPTURED | K4: =IF(ISNUMBER(I4),IF(I4<-50,"STRONG",IF(I4<-25,"MODERATE","WEAK")),"N/A") -> MODERATE
A5: =Screening_Table!A5 -> Al₂O₃ | B5: =Screening_Table!B5 -> Al2O3 | C5: =Screening_Table!C5 -> 3.95 | D5: =Screening_Table!D5 -> 2072 | E5: =Screening_Table!E5 -> Yes | F5: =Screening_Table!I5 -> 644.8 | G5: =IF(ISNUMBER(F5),IF(F5<0,"Cu REDUCES","STABLE"),"N/A") -> STABLE | H5: =Ternary_Verdicts!A4 -> CuAl2O4 | I5: =Ternary_Verdicts!G4 -> -32.3 | J5: =IF(ISNUMBER(I5),IF(I5<0,"Cu CAPTURED","NO CAPTURE"),"N/A") -> Cu CAPTURED | K5: =IF(ISNUMBER(I5),IF(I5<-50,"STRONG",IF(I5<-25,"MODERATE","WEAK")),"N/A") -> MODERATE
A6: =Screening_Table!A6 -> CaO | B6: =Screening_Table!B6 -> CaO | C6: =Screening_Table!C6 -> 3.34 | D6: =Screening_Table!D6 -> 2613 | E6: =Screening_Table!E6 -> Yes | F6: =Screening_Table!I6 -> 791.3 | G6: =IF(ISNUMBER(F6),IF(F6<0,"Cu REDUCES","STABLE"),"N/A") -> STABLE | H6: =Ternary_Verdicts!A15 -> CuCaO2 | I6: =Ternary_Verdicts!G15 -> -30.7 | J6: =IF(ISNUMBER(I6),IF(I6<0,"Cu CAPTURED","NO CAPTURE"),"N/A") -> Cu CAPTURED | K6: =IF(ISNUMBER(I6),IF(I6<-50,"STRONG",IF(I6<-25,"MODERATE","WEAK")),"N/A") -> MODERATE
A7: =Screening_Table!A7 -> ZrO₂ | B7: =Screening_Table!B7 -> ZrO2 | C7: =Screening_Table!C7 -> 5.68 | D7: =Screening_Table!D7 -> 2715 | E7: =Screening_Table!E7 -> Yes | F7: =Screening_Table!I7 -> 675.7 | G7: =IF(ISNUMBER(F7),IF(F7<0,"Cu REDUCES","STABLE"),"N/A") -> STABLE | H7: =Ternary_Verdicts!A16 -> CuZrO3 | I7: =Ternary_Verdicts!G16 -> -25.3 | J7: =IF(ISNUMBER(I7),IF(I7<0,"Cu CAPTURED","NO CAPTURE"),"N/A") -> Cu CAPTURED | K7: =IF(ISNUMBER(I7),IF(I7<-50,"STRONG",IF(I7<-25,"MODERATE","WEAK")),"N/A") -> MODERATE
A8: =Screening_Table!A8 -> Cr₂O₃ | B8: =Screening_Table!B8 -> Cr2O3 | C8: =Screening_Table!C8 -> 5.22 | D8: =Screening_Table!D8 -> 2435 | E8: =Screening_Table!E8 -> Yes | F8: =Screening_Table!I8 -> 354.8 | G8: =IF(ISNUMBER(F8),IF(F8<0,"Cu REDUCES","STABLE"),"N/A") -> STABLE | H8: =Ternary_Verdicts!A6 -> CuCr2O4 | I8: =Ternary_Verdicts!G6 -> -30 | J8: =IF(ISNUMBER(I8),IF(I8<0,"Cu CAPTURED","NO CAPTURE"),"N/A") -> Cu CAPTURED | K8: =IF(ISNUMBER(I8),IF(I8<-50,"STRONG",IF(I8<-25,"MODERATE","WEAK")),"N/A") -> MODERATE
A9: =Screening_Table!A9 -> TiO₂ | B9: =Screening_Table!B9 -> TiO2 | C9: =Screening_Table!C9 -> 4.23 | D9: =Screening_Table!D9 -> 1843 | E9: =Screening_Table!E9 -> Yes | F9: =Screening_Table!I9 -> 531.3 | G9: =IF(ISNUMBER(F9),IF(F9<0,"Cu REDUCES","STABLE"),"N/A") -> STABLE | H9: =Ternary_Verdicts!A11 -> CuTiO3 | I9: =Ternary_Verdicts!G11 -> -36.8 | J9: =IF(ISNUMBER(I9),IF(I9<0,"Cu CAPTURED","NO CAPTURE"),"N/A") -> Cu CAPTURED | K9: =IF(ISNUMBER(I9),IF(I9<-50,"STRONG",IF(I9<-25,"MODERATE","WEAK")),"N/A") -> MODERATE
A10: =Screening_Table!A10 -> SiO₂ | B10: =Screening_Table!B10 -> SiO2 | C10: =Screening_Table!C10 -> 2.65 | D10: =Screening_Table!D10 -> 1713 | E10: =Screening_Table!E10 -> Yes | F10: =Screening_Table!I10 -> 502.7 | G10: =IF(ISNUMBER(F10),IF(F10<0,"Cu REDUCES","STABLE"),"N/A") -> STABLE | H10: =Ternary_Verdicts!A13 -> Cu2SiO4 | I10: =Ternary_Verdicts!G13 -> -52.2 | J10: =IF(ISNUMBER(I10),IF(I10<0,"Cu CAPTURED","NO CAPTURE"),"N/A") -> Cu CAPTURED | K10: =IF(ISNUMBER(I10),IF(I10<-50,"STRONG",IF(I10<-25,"MODERATE","WEAK")),"N/A") -> STRONG
A11: =Screening_Table!A11 -> MnO | B11: =Screening_Table!B11 -> MnO | C11: =Screening_Table!C11 -> 5.43 | D11: =Screening_Table!D11 -> 1842 | E11: =Screening_Table!E11 -> Yes | F11: =Screening_Table!I11 -> 408.9 | G11: =IF(ISNUMBER(F11),IF(F11<0,"Cu REDUCES","STABLE"),"N/A") -> STABLE | H11: =Ternary_Verdicts!A7 -> CuMn2O4 | I11: =Ternary_Verdicts!G7 -> -64.4 | J11: =IF(ISNUMBER(I11),IF(I11<0,"Cu CAPTURED","NO CAPTURE"),"N/A") -> Cu CAPTURED | K11: =IF(ISNUMBER(I11),IF(I11<-50,"STRONG",IF(I11<-25,"MODERATE","WEAK")),"N/A") -> STRONG
A12: =Screening_Table!A12 -> FeO | B12: =Screening_Table!B12 -> FeO | C12: =Screening_Table!C12 -> 5.74 | D12: =Screening_Table!D12 -> 1377 | E12: =Screening_Table!E12 -> Yes | F12: =Screening_Table!I12 -> 213.8 | G12: =IF(ISNUMBER(F12),IF(F12<0,"Cu REDUCES","STABLE"),"N/A") -> STABLE | H12: =Ternary_Verdicts!A8 -> CuFe2O4 | I12: =Ternary_Verdicts!G8 -> -111.9 | J12: =IF(ISNUMBER(I12),IF(I12<0,"Cu CAPTURED","NO CAPTURE"),"N/A") -> Cu CAPTURED | K12: =IF(ISNUMBER(I12),IF(I12<-50,"STRONG",IF(I12<-25,"MODERATE","WEAK")),"N/A") -> STRONG
A13: =Screening_Table!A13 -> CuO | B13: =Screening_Table!B13 -> CuO | C13: =Screening_Table!C13 -> 6.31 | D13: =Screening_Table!D13 -> 1326 | E13: =Screening_Table!E13 -> Yes | F13: =Screening_Table!I13 -> -41 | G13: =IF(ISNUMBER(F13),IF(F13<0,"Cu REDUCES","STABLE"),"N/A") -> Cu REDUCES | H13: No data | I13: N/A | J13: N/A | K13: N/A
A14: =Screening_Table!A14 -> NiO | B14: =Screening_Table!B14 -> NiO | C14: =Screening_Table!C14 -> 6.67 | D14: =Screening_Table!D14 -> 1955 | E14: =Screening_Table!E14 -> Yes | F14: =Screening_Table!I14 -> 76 | G14: =IF(ISNUMBER(F14),IF(F14<0,"Cu REDUCES","STABLE"),"N/A") -> STABLE | H14: =Ternary_Verdicts!A17 -> CuNiO2 | I14: =Ternary_Verdicts!G17 -> -27.3 | J14: =IF(ISNUMBER(I14),IF(I14<0,"Cu CAPTURED","NO CAPTURE"),"N/A") -> Cu CAPTURED | K14: =IF(ISNUMBER(I14),IF(I14<-50,"STRONG",IF(I14<-25,"MODERATE","WEAK")),"N/A") -> MODERATE
A15: =Screening_Table!A15 -> CoO | B15: =Screening_Table!B15 -> CoO | C15: =Screening_Table!C15 -> 6.44 | D15: =Screening_Table!D15 -> 1830 | E15: =Screening_Table!E15 -> Yes | F15: =Screening_Table!I15 -> 126.6 | G15: =IF(ISNUMBER(F15),IF(F15<0,"Cu REDUCES","STABLE"),"N/A") -> STABLE | H15: =Ternary_Verdicts!A18 -> CuCo2O4 | I15: =Ternary_Verdicts!G18 -> -35.8 | J15: =IF(ISNUMBER(I15),IF(I15<0,"Cu CAPTURED","NO CAPTURE"),"N/A") -> Cu CAPTURED | K15: =IF(ISNUMBER(I15),IF(I15<-50,"STRONG",IF(I15<-25,"MODERATE","WEAK")),"N/A") -> MODERATE
A16: =Screening_Table!A16 -> PbO | B16: =Screening_Table!B16 -> PbO | C16: =Screening_Table!C16 -> 9.53 | D16: =Screening_Table!D16 -> 888 | E16: =Screening_Table!E16 -> No | F16: =Screening_Table!I16 -> 136.2 | G16: =IF(ISNUMBER(F16),IF(F16<0,"Cu REDUCES","STABLE"),"N/A") -> STABLE | H16: No data | I16: N/A | J16: N/A | K16: N/A
A17: =Screening_Table!A17 -> B₂O₃ | B17: =Screening_Table!B17 -> B2O3 | C17: =Screening_Table!C17 -> 2.55 | D17: =Screening_Table!D17 -> 450 | E17: =Screening_Table!E17 -> Yes | F17: =Screening_Table!I17 -> 481.1 | G17: =IF(ISNUMBER(F17),IF(F17<0,"Cu REDUCES","STABLE"),"N/A") -> STABLE | H17: =Ternary_Verdicts!A21 -> CuB2O4 | I17: =Ternary_Verdicts!G21 -> -47.7 | J17: =IF(ISNUMBER(I17),IF(I17<0,"Cu CAPTURED","NO CAPTURE"),"N/A") -> Cu CAPTURED | K17: =IF(ISNUMBER(I17),IF(I17<-50,"STRONG",IF(I17<-25,"MODERATE","WEAK")),"N/A") -> MODERATE
A18: =Screening_Table!A18 -> V₂O₅ | B18: =Screening_Table!B18 -> V2O5 | C18: =Screening_Table!C18 -> 3.36 | D18: =Screening_Table!D18 -> 690 | E18: =Screening_Table!E18 -> Yes | F18: =Screening_Table!I18 -> 259.4 | G18: =IF(ISNUMBER(F18),IF(F18<0,"Cu REDUCES","STABLE"),"N/A") -> STABLE | H18: =Ternary_Verdicts!A10 -> Cu3V2O8 | I18: =Ternary_Verdicts!G10 -> -109.2 | J18: =IF(ISNUMBER(I18),IF(I18<0,"Cu CAPTURED","NO CAPTURE"),"N/A") -> Cu CAPTURED | K18: =IF(ISNUMBER(I18),IF(I18<-50,"STRONG",IF(I18<-25,"MODERATE","WEAK")),"N/A") -> STRONG
A19: =Screening_Table!A19 -> La₂O₃ | B19: =Screening_Table!B19 -> La2O3 | C19: =Screening_Table!C19 -> 6.51 | D19: =Screening_Table!D19 -> 2315 | E19: =Screening_Table!E19 -> Yes | F19: =Screening_Table!I19 -> 766.3 | G19: =IF(ISNUMBER(F19),IF(F19<0,"Cu REDUCES","STABLE"),"N/A") -> STABLE | H19: =Ternary_Verdicts!A19 -> CuLaO2 | I19: =Ternary_Verdicts!G19 -> -27.8 | J19: =IF(ISNUMBER(I19),IF(I19<0,"Cu CAPTURED","NO CAPTURE"),"N/A") -> Cu CAPTURED | K19: =IF(ISNUMBER(I19),IF(I19<-50,"STRONG",IF(I19<-25,"MODERATE","WEAK")),"N/A") -> MODERATE
A20: =Screening_Table!A20 -> CeO₂ | B20: =Screening_Table!B20 -> CeO2 | C20: =Screening_Table!C20 -> 7.22 | D20: =Screening_Table!D20 -> 2400 | E20: =Screening_Table!E20 -> No | F20: =Screening_Table!I20 -> 1240.7 | G20: =IF(ISNUMBER(F20),IF(F20<0,"Cu REDUCES","STABLE"),"N/A") -> STABLE | H20: No data | I20: N/A | J20: N/A | K20: N/A
A22: TOP CANDIDATES
A23: Product | B23: Parent Oxide | C23: Reaction | D23: ΔG @ 1527°C (kJ) | E23: Named Phase | F23: Mechanism | G23: Tier
A24: CuFe₂O₄ | B24: FeO | C24: Cu + 2FeO + O₂ → CuFe₂O₄ | D24: =Ternary_Verdicts!G8 -> -111.9 | E24: SPINEL#1 (to 1700K) | F24: Spinel trapping | G24: STRONG
A25: Cu₃V₂O₈ | B25: V₂O₅ | C25: 3Cu + V₂O₅ + 1.5O₂ → Cu₃V₂O₈ | D25: =Ternary_Verdicts!G10 -> -109.2 | E25: none (liquid) | F25: Vanadate slag dissolution | G25: STRONG
A26: CuMn₂O₄ | B26: MnO | C26: Cu + 2MnO + O₂ → CuMn₂O₄ | D26: =Ternary_Verdicts!G7 -> -64.4 | E26: SPINEL#1 (to 1700K) | F26: Spinel trapping | G26: STRONG
A27: Cu₂SiO₄ | B27: SiO₂ | C27: 2Cu + SiO₂ + O₂ → Cu₂SiO₄ | D27: =Ternary_Verdicts!G13 -> -52.2 | E27: none (liquid) | F27: Silicate slag dissolution | G27: STRONG

Sheet CuFe2O4_DeepDive
A1: CuFe2O4 DEEP DIVE — Decomposing the strongest candidate into Cu-capture vs Fe-oxidation
A2: The total CuFe2O4 formation reaction (Cu + 2FeO + O2) is split into two contributions. Columns E-G are formulas referencing the CuFe2O4_Raw tab.
A3: T (K) | B3: T (°C) | C3: dG_original (kJ) | D3: dG_alternative (kJ) | E3: dG_Fe_oxidation (kJ) | F3: Cu-capture (%) | G3: Fe-oxidation (%)
A4: =CuFe2O4_Raw!A4 -> 800 | B4: =A4-273.15 -> 526.85 | C4: =CuFe2O4_Raw!L4 -> -271.03187 | D4: =CuFe2O4_Raw!J4 -> -85.340853 | E4: =C4-D4 -> -185.69102 | F4: =IF(C4<>0,D4/C4*100,0) -> 31.487386 | G4: =100-F4 -> 68.512614
A5: =CuFe2O4_Raw!A5 -> 850 | B5: =A5-273.15 -> 576.85 | C5: =CuFe2O4_Raw!L5 -> -262.71414 | D5: =CuFe2O4_Raw!J5 -> -82.376584 | E5: =C5-D5 -> -180.33756 | F5: =IF(C5<>0,D5/C5*100,0) -> 31.355976 | G5: =100-F5 -> 68.644024
A6: =CuFe2O4_Raw!A6 -> 900 | B6: =A6-273.15 -> 626.85 | C6: =CuFe2O4_Raw!L6 -> -253.63898 | D6: =CuFe2O4_Raw!J6 -> -79.384097 | E6: =C6-D6 -> -174.25488 | F6: =IF(C6<>0,D6/C6*100,0) -> 31.298066 | G6: =100-F6 -> 68.701934
A7: =CuFe2O4_Raw!A7 -> 950 | B7: =A7-273.15 -> 676.85 | C7: =CuFe2O4_Raw!L7 -> -244.63346 | D7: =CuFe2O4_Raw!J7 -> -76.337724 | E7: =C7-D7 -> -168.29574 | F7: =IF(C7<>0,D7/C7*100,0) -> 31.20494 | G7: =100-F7 -> 68.79506
A8: =CuFe2O4_Raw!A8 -> 1000 | B8: =A8-273.15 -> 726.85 | C8: =CuFe2O4_Raw!L8 -> -235.69271 | D8: =CuFe2O4_Raw!J8 -> -73.247969 | E8: =C8-D8 -> -162.44474 | F8: =IF(C8<>0,D8/C8*100,0) -> 31.077741 | G8: =100-F8 -> 68.922259
A9: =CuFe2O4_Raw!A9 -> 1050 | B9: =A9-273.15 -> 776.85 | C9: =CuFe2O4_Raw!L9 -> -226.81218 | D9: =CuFe2O4_Raw!J9 -> -70.178773 | E9: =C9-D9 -> -156.6334 | F9: =IF(C9<>0,D9/C9*100,0) -> 30.94136 | G9: =100-F9 -> 69.05864
A10: =CuFe2O4_Raw!A10 -> 1100 | B10: =A10-273.15 -> 826.85 | C10: =CuFe2O4_Raw!L10 -> -217.98972 | D10: =CuFe2O4_Raw!J10 -> -67.143947 | E10: =C10-D10 -> -150.84578 | F10: =IF(C10<>0,D10/C10*100,0) -> 30.801428 | G10: =100-F10 -> 69.198572
A11: =CuFe2O4_Raw!A11 -> 1150 | B11: =A11-273.15 -> 876.85 | C11: =CuFe2O4_Raw!L11 -> -209.22461 | D11: =CuFe2O4_Raw!J11 -> -64.151393 | E11: =C11-D11 -> -145.07321 | F11: =IF(C11<>0,D11/C11*100,0) -> 30.661495 | G11: =100-F11 -> 69.338505
A12: =CuFe2O4_Raw!A12 -> 1200 | B12: =A12-273.15 -> 926.85 | C12: =CuFe2O4_Raw!L12 -> -200.51353 | D12: =CuFe2O4_Raw!J12 -> -61.206737 | E12: =C12-D12 -> -139.30679 | F12: =IF(C12<>0,D12/C12*100,0) -> 30.524992 | G12: =100-F12 -> 69.475008
A13: =CuFe2O4_Raw!A13 -> 1250 | B13: =A13-273.15 -> 976.85 | C13: =CuFe2O4_Raw!L13 -> -191.85794 | D13: =CuFe2O4_Raw!J13 -> -58.314513 | E13: =C13-D13 -> -133.54343 | F13: =IF(C13<>0,D13/C13*100,0) -> 30.394631 | G13: =100-F13 -> 69.605369
A14: =CuFe2O4_Raw!A14 -> 1300 | B14: =A14-273.15 -> 1026.85 | C14: =CuFe2O4_Raw!L14 -> -183.25921 | D14: =CuFe2O4_Raw!J14 -> -55.478722 | E14: =C14-D14 -> -127.78049 | F14: =IF(C14<>0,D14/C14*100,0) -> 30.27336 | G14: =100-F14 -> 69.72664
A15: =CuFe2O4_Raw!A15 -> 1350 | B15: =A15-273.15 -> 1076.85 | C15: =CuFe2O4_Raw!L15 -> -174.71743 | D15: =CuFe2O4_Raw!J15 -> -52.703069 | E15: =C15-D15 -> -122.01436 | F15: =IF(C15<>0,D15/C15*100,0) -> 30.164746 | G15: =100-F15 -> 69.835254
... A26: =CuFe2O4_Raw!A26 -> 1900 | B26: =A26-273.15 -> 1626.85 | C26: =CuFe2O4_Raw!L26 -> -102.69378 | D26: =CuFe2O4_Raw!J26 -> -46.715289 | E26: =C26-D26 -> -55.978493 | F26: =IF(C26<>0,D26/C26*100,0) -> 45.489891 | G26: =100-F26 -> 54.510109
A27: AVERAGE | C27: =AVERAGE(C4:C26) -> -178.83129 | D27: =AVERAGE(D4:D26) -> -57.518394 | E27: =AVERAGE(E4:E26) -> -121.31289 | F27: =AVERAGE(F4:F26) -> 32.967727 | G27: =AVERAGE(G4:G26) -> 67.032273

Sheet Activity_and_Slag
A1: ACTIVITY AND SLAG EFFECTS — What happens under real steelmaking conditions?
A2: Section 1: Dilute Cu penalty (editable X_Cu and gamma_Cu). Section 2: Gamma sensitivity sweep. Section 3: Slag basicity effects from Slag_Effects tab.
A4: Parameter | B4: Symbol | C4: Value | D4: Unit / Note
A5: Cu mole fraction in steel | B5: X_Cu | C5: 0.003 | D5: ~0.3 wt% Cu (EDITABLE)
A6: Raoultian activity coefficient | B6: γ_Cu | C6: 8.5 | D6: Literature range: 5-13 (EDITABLE)
A7: Cu activity in liquid Fe | B7: a_Cu | C7: =C5*C6 -> 0.0255 | D7: X_Cu × γ_Cu (formula in C7)
A8: Temperature | B8: T | C8: 1800 | D8: K (steelmaking)
A9: Gas constant | B9: R | C9: 8.314 | D9: J/(mol·K)
A10: Penalty per Cu atom consumed | B10: -RT·ln(a_Cu) | C10: =-C9*C8*LN(C7)/1000 -> 54.908469 | D10: kJ/mol (positive = less favorable)
A12: ACTIVITY-CORRECTED ΔG AT 1800 K
A13: Product | B13: Parent Oxide | C13: n_Cu | D13: ΔG° (kJ) | E13: Cu Penalty (kJ) | F13: ΔG_eff (kJ) | G13: Verdict | H13: ΔG per Cu (kJ)
A14: CuFe2O4 | B14: FeO | C14: 1 | D14: =Ternary_Rxns!N116 -> -111.8803 | E14: =C14*$C$10 -> 54.908469 | F14: =D14+E14 -> -56.971833 | G14: =IF(F14<-10,"ROBUST",IF(F14<0,"MARGINAL",IF(F14<15,"UNCERTAIN","UNFAVORABLE"))) -> ROBUST | H14: =D14/C14 -> -111.8803
A15: CuMn2O4 | B15: MnO | C15: 1 | D15: =Ternary_Rxns!N93 -> -64.442552 | E15: =C15*$C$10 -> 54.908469 | F15: =D15+E15 -> -9.5340833 | G15: =IF(F15<-10,"ROBUST",IF(F15<0,"MARGINAL",IF(F15<15,"UNCERTAIN","UNFAVORABLE"))) -> MARGINAL | H15: =D15/C15 -> -64.442552
A16: CuB2O4 | B16: B2O3 | C16: 1 | D16: =Ternary_Rxns!N415 -> -47.711524 | E16: =C16*$C$10 -> 54.908469 | F16: =D16+E16 -> 7.196944 | G16: =IF(F16<-10,"ROBUST",IF(F16<0,"MARGINAL",IF(F16<15,"UNCERTAIN","UNFAVORABLE"))) -> UNCERTAIN | H16: =D16/C16 -> -47.711524
A17: CuV2O6 | B17: V2O5 | C17: 1 | D17: =Ternary_Rxns!N139 -> -44.98398 | E17: =C17*$C$10 -> 54.908469 | F17: =D17+E17 -> 9.9244887 | G17: =IF(F17<-10,"ROBUST",IF(F17<0,"MARGINAL",IF(F17<15,"UNCERTAIN","UNFAVORABLE"))) -> UNCERTAIN | H17: =D17/C17 -> -44.98398
A18: CuAl2O4 | B18: Al2O3 | C18: 1 | D18: =Ternary_Rxns!N24 -> -32.314512 | E18: =C18*$C$10 -> 54.908469 | F18: =D18+E18 -> 22.593956 | G18: =IF(F18<-10,"ROBUST",IF(F18<0,"MARGINAL",IF(F18<15,"UNCERTAIN","UNFAVORABLE"))) -> UNFAVORABLE | H18: =D18/C18 -> -32.314512
A19: Cu3V2O8 | B19: V2O5 | C19: 3 | D19: =Ternary_Rxns!N162 -> -109.15374 | E19: =C19*$C$10 -> 164.72541 | F19: =D19+E19 -> 55.571666 | G19: =IF(F19<-10,"ROBUST",IF(F19<0,"MARGINAL",IF(F19<15,"UNCERTAIN","UNFAVORABLE"))) -> UNFAVORABLE | H19: =D19/C19 -> -36.38458
A20: Cu2SiO4 | B20: SiO2 | C20: 2 | D20: =Ternary_Rxns!N231 -> -52.214204 | E20: =C20*$C$10 -> 109.81694 | F20: =D20+E20 -> 57.602733 | G20: =IF(F20<-10,"ROBUST",IF(F20<0,"MARGINAL",IF(F20<15,"UNCERTAIN","UNFAVORABLE"))) -> UNFAVORABLE | H20: =D20/C20 -> -26.107102
A22: γ_Cu SENSITIVITY ANALYSIS
A23: Change γ_Cu in cell C6 above to see all corrections update automatically.
A24: γ_Cu | B24: a_Cu | C24: Penalty/Cu (kJ) | D24: ΔG_eff CuFe2O4 | E24: ΔG_eff CuMn2O4 | F24: ΔG_eff CuB2O4 | G24: ΔG_eff CuV2O6 | H24: ΔG_eff CuAl2O4 | I24: ΔG_eff Cu3V2O8 | J24: ΔG_eff Cu2SiO4
A25: 3 | B25: =A25*$C$5 -> 0.009 | C25: =-$C$9*$C$8*LN(B25)/1000 -> 70.494034 | D25: =$D$14+$C$14*C25 -> -41.386268 | E25: =$D$15+$C$15*C25 -> 6.0514823 | F25: =$D$16+$C$16*C25 -> 22.78251 | G25: =$D$17+$C$17*C25 -> 25.510054 | H25: =$D$18+$C$18*C25 -> 38.179522 | I25: =$D$19+$C$19*C25 -> 102.32836 | J25: =$D$20+$C$20*C25 -> 88.773864
A26: 4 | B26: =A26*$C$5 -> 0.012 | C26: =-$C$9*$C$8*LN(B26)/1000 -> 66.188814 | D26: =$D$14+$C$14*C26 -> -45.691487 | E26: =$D$15+$C$15*C26 -> 1.7462625 | F26: =$D$16+$C$16*C26 -> 18.47729 | G26: =$D$17+$C$17*C26 -> 21.204834 | H26: =$D$18+$C$18*C26 -> 33.874302 | I26: =$D$19+$C$19*C26 -> 89.412703 | J26: =$D$20+$C$20*C26 -> 80.163425
A27: 5 | B27: =A27*$C$5 -> 0.015 | C27: =-$C$9*$C$8*LN(B27)/1000 -> 62.849426 | D27: =$D$14+$C$14*C27 -> -49.030875 | E27: =$D$15+$C$15*C27 -> -1.5931253 | F27: =$D$16+$C$16*C27 -> 15.137902 | G27: =$D$17+$C$17*C27 -> 17.865447 | H27: =$D$18+$C$18*C27 -> 30.534914 | I27: =$D$19+$C$19*C27 -> 79.39454 | J27: =$D$20+$C$20*C27 -> 73.484649
A28: 6 | B28: =A28*$C$5 -> 0.018 | C28: =-$C$9*$C$8*LN(B28)/1000 -> 60.120948 | D28: =$D$14+$C$14*C28 -> -51.759354 | E28: =$D$15+$C$15*C28 -> -4.3216039 | F28: =$D$16+$C$16*C28 -> 12.409423 | G28: =$D$17+$C$17*C28 -> 15.136968 | H28: =$D$18+$C$18*C28 -> 27.806436 | I28: =$D$19+$C$19*C28 -> 71.209104 | J28: =$D$20+$C$20*C28 -> 68.027692
A29: 7 | B29: =A29*$C$5 -> 0.021 | C29: =-$C$9*$C$8*LN(B29)/1000 -> 57.814052 | D29: =$D$14+$C$14*C29 -> -54.066249 | E29: =$D$15+$C$15*C29 -> -6.6284997 | F29: =$D$16+$C$16*C29 -> 10.102528 | G29: =$D$17+$C$17*C29 -> 12.830072 | H29: =$D$18+$C$18*C29 -> 25.49954 | I29: =$D$19+$C$19*C29 -> 64.288417 | J29: =$D$20+$C$20*C29 -> 63.4139
A30: 8 | B30: =A30*$C$5 -> 0.024 | C30: =-$C$9*$C$8*LN(B30)/1000 -> 55.815728 | D30: =$D$14+$C$14*C30 -> -56.064573 | E30: =$D$15+$C$15*C30 -> -8.6268237 | F30: =$D$16+$C$16*C30 -> 8.1042036 | G30: =$D$17+$C$17*C30 -> 10.831748 | H30: =$D$18+$C$18*C30 -> 23.501216 | I30: =$D$19+$C$19*C30 -> 58.293445 | J30: =$D$20+$C$20*C30 -> 59.417252
A31: 8.5 | B31: =A31*$C$5 -> 0.0255 | C31: =-$C$9*$C$8*LN(B31)/1000 -> 54.908469 | D31: =$D$14+$C$14*C31 -> -56.971833 | E31: =$D$15+$C$15*C31 -> -9.5340833 | F31: =$D$16+$C$16*C31 -> 7.196944 | G31: =$D$17+$C$17*C31 -> 9.9244887 | H31: =$D$18+$C$18*C31 -> 22.593956 | I31: =$D$19+$C$19*C31 -> 55.571666 | J31: =$D$20+$C$20*C31 -> 57.602733
A32: 9 | B32: =A32*$C$5 -> 0.027 | C32: =-$C$9*$C$8*LN(B32)/1000 -> 54.053081 | D32: =$D$14+$C$14*C32 -> -57.82722 | E32: =$D$15+$C$15*C32 -> -10.38947 | F32: =$D$16+$C$16*C32 -> 6.3415569 | G32: =$D$17+$C$17*C32 -> 9.0691016 | H32: =$D$18+$C$18*C32 -> 21.738569 | I32: =$D$19+$C$19*C32 -> 53.005505 | J32: =$D$20+$C$20*C32 -> 55.891959
A33: 10 | B33: =A33*$C$5 -> 0.03 | C33: =-$C$9*$C$8*LN(B33)/1000 -> 52.47634 | D33: =$D$14+$C$14*C33 -> -59.403961 | E33: =$D$15+$C$15*C33 -> -11.966212 | F33: =$D$16+$C$16*C33 -> 4.7648158 | G33: =$D$17+$C$17*C33 -> 7.4923604 | H33: =$D$18+$C$18*C33 -> 20.161828 | I33: =$D$19+$C$19*C33 -> 48.275281 | J33: =$D$20+$C$20*C33 -> 52.738477
A34: 11 | B34: =A34*$C$5 -> 0.033 | C34: =-$C$9*$C$8*LN(B34)/1000 -> 51.050004 | D34: =$D$14+$C$14*C34 -> -60.830297 | E34: =$D$15+$C$15*C34 -> -13.392547 | F34: =$D$16+$C$16*C34 -> 3.3384799 | G34: =$D$17+$C$17*C34 -> 6.0660245 | H34: =$D$18+$C$18*C34 -> 18.735492 | I34: =$D$19+$C$19*C34 -> 43.996273 | J34: =$D$20+$C$20*C34 -> 49.885805
A35: 12 | B35: =A35*$C$5 -> 0.036 | C35: =-$C$9*$C$8*LN(B35)/1000 -> 49.747862 | D35: =$D$14+$C$14*C35 -> -62.13244 | E35: =$D$15+$C$15*C35 -> -14.69469 | F35: =$D$16+$C$16*C35 -> 2.0363372 | G35: =$D$17+$C$17*C35 -> 4.7638819 | H35: =$D$18+$C$18*C35 -> 17.43335 | I35: =$D$19+$C$19*C35 -> 40.089846 | J35: =$D$20+$C$20*C35 -> 47.28152
A36: 13 | B36: =A36*$C$5 -> 0.039 | C36: =-$C$9*$C$8*LN(B36)/1000 -> 48.550007 | D36: =$D$14+$C$14*C36 -> -63.330295 | E36: =$D$15+$C$15*C36 -> -15.892545 | F36: =$D$16+$C$16*C36 -> 0.83848206 | G36: =$D$17+$C$17*C36 -> 3.5660267 | H36: =$D$18+$C$18*C36 -> 16.235494 | I36: =$D$19+$C$19*C36 -> 36.49628 | J36: =$D$20+$C$20*C36 -> 44.885809
A37: 15 | B37: =A37*$C$5 -> 0.045 | C37: =-$C$9*$C$8*LN(B37)/1000 -> 46.408474 | D37: =$D$14+$C$14*C37 -> -65.471828 | E37: =$D$15+$C$15*C37 -> -18.034078 | F37: =$D$16+$C$16*C37 -> -1.3030507 | G37: =$D$17+$C$17*C37 -> 1.424494 | H37: =$D$18+$C$18*C37 -> 14.093962 | I37: =$D$19+$C$19*C37 -> 30.071682 | J37: =$D$20+$C$20*C37 -> 40.602744
A67: SLAG COMPOSITION EFFECTS ON Cu ACTIVITY
A68: System | B68: Ratio Label | C68: Ratio Value | D68: a_Cu | E68: % Change from Baseline
A69: =Slag_Effects!A4 -> Cu-Mn-Si-O | B69: =Slag_Effects!B4 -> MnO:SiO2 | C69: =Slag_Effects!C4 -> 0.2 | D69: =Slag_Effects!I4 -> 0.00060242872 | E69: 0
A70: =Slag_Effects!A5 -> Cu-Mn-Si-O | B70: =Slag_Effects!B5 -> MnO:SiO2 | C70: =Slag_Effects!C5 -> 0.4 | D70: =Slag_Effects!I5 -> 0.00059216467 | E70: =(D70-D$69)/D$69*100 -> -1.7037785
A71: =Slag_Effects!A6 -> Cu-Mn-Si-O | B71: =Slag_Effects!B6 -> MnO:SiO2 | C71: =Slag_Effects!C6 -> 0.6 | D71: =Slag_Effects!I6 -> 0.00058498596 | E71: =(D71-D$69)/D$69*100 -> -2.8954061
A72: =Slag_Effects!A7 -> Cu-Mn-Si-O | B72: =Slag_Effects!B7 -> MnO:SiO2 | C72: =Slag_Effects!C7 -> 0.8 | D72: =Slag_Effects!I7 -> 0.00057955787 | E72: =(D72-D$69)/D$69*100 -> -3.7964406
A73: =Slag_Effects!A8 -> Cu-Mn-Si-O | B73: =Slag_Effects!B8 -> MnO:SiO2 | C73: =Slag_Effects!C8 -> 1 | D73: =Slag_Effects!I8 -> 0.00057475403 | E73: =(D73-D$69)/D$69*100 -> -4.5938526
A74: =Slag_Effects!A9 -> Cu-Mn-Si-O | B74: =Slag_Effects!B9 -> MnO:SiO2 | C74: =Slag_Effects!C9 -> 1.2 | D74: =Slag_Effects!I9 -> 0.00056900861 | E74: =(D74-D$69)/D$69*100 -> -5.5475625
A75: =Slag_Effects!A10 -> Cu-Mn-Si-O | B75: =Slag_Effects!B10 -> MnO:SiO2 | C75: =Slag_Effects!C10 -> 1.4 | D75: =Slag_Effects!I10 -> 0.00056239917 | E75: =(D75-D$69)/D$69*100 -> -6.6446943
A76: =Slag_Effects!A11 -> Cu-Mn-Si-O | B76: =Slag_Effects!B11 -> MnO:SiO2 | C76: =Slag_Effects!C11 -> 1.6 | D76: =Slag_Effects!I11 -> 0.0005549646 | E76: =(D76-D$69)/D$69*100 -> -7.8787935
A77: =Slag_Effects!A12 -> Cu-Mn-Si-O | B77: =Slag_Effects!B12 -> MnO:SiO2 | C77: =Slag_Effects!C12 -> 1.8 | D77: =Slag_Effects!I12 -> 0.00054696205 | E77: =(D77-D$69)/D$69*100 -> -9.2071763
A78: =Slag_Effects!A13 -> Cu-Mn-Si-O | B78: =Slag_Effects!B13 -> MnO:SiO2 | C78: =Slag_Effects!C13 -> 2 | D78: =Slag_Effects!I13 -> 0.00053863749 | E78: =(D78-D$69)/D$69*100 -> -10.589009
A79: =Slag_Effects!A14 -> Cu-Mn-Si-O | B79: =Slag_Effects!B14 -> MnO:SiO2 | C79: =Slag_Effects!C14 -> 2.2 | D79: =Slag_Effects!I14 -> 0.0005302396 | E79: =(D79-D$69)/D$69*100 -> -11.983015
A80: =Slag_Effects!A15 -> Cu-Mn-Si-O | B80: =Slag_Effects!B15 -> MnO:SiO2 | C80: =Slag_Effects!C15 -> 2.4 | D80: =Slag_Effects!I15 -> 0.00052201662 | E80: =(D80-D$69)/D$69*100 -> -13.347985
A81: =Slag_Effects!A16 -> Cu-Mn-Si-O | B81: =Slag_Effects!B16 -> MnO:SiO2 | C81: =Slag_Effects!C16 -> 2.6 | D81: =Slag_Effects!I16 -> 0.00051417312 | E81: =(D81-D$69)/D$69*100 -> -14.649965
... A83: =Slag_Effects!A18 -> Cu-Mn-Si-O | B83: =Slag_Effects!B18 -> MnO:SiO2 | C83: =Slag_Effects!C18 -> 3 | D83: =Slag_Effects!I18 -> 0.00050010457 | E83: =(D83-D$69)/D$69*100 -> -16.98527
A84: =Slag_Effects!A19 -> Cu-Al-Si-O | B84: =Slag_Effects!B19 -> Al2O3:SiO2 | C84: =Slag_Effects!C19 -> 0.2 | D84: =Slag_Effects!I19 -> 0.00062385951 | E84: 0
A85: =Slag_Effects!A20 -> Cu-Al-Si-O | B85: =Slag_Effects!B20 -> Al2O3:SiO2 | C85: =Slag_Effects!C20 -> 0.4 | D85: =Slag_Effects!I20 -> 0.00062385951 | E85: =(D85-D$84)/D$84*100 -> 0
A86: =Slag_Effects!A21 -> Cu-Al-Si-O | B86: =Slag_Effects!B21 -> Al2O3:SiO2 | C86: =Slag_Effects!C21 -> 0.6 | D86: =Slag_Effects!I21 -> 0.00062385951 | E86: =(D86-D$84)/D$84*100 -> 3.649579e-13
A87: =Slag_Effects!A22 -> Cu-Al-Si-O | B87: =Slag_Effects!B22 -> Al2O3:SiO2 | C87: =Slag_Effects!C22 -> 0.8 | D87: =Slag_Effects!I22 -> 0.00062385951 | E87: =(D87-D$84)/D$84*100 -> 3.649579e-13
A88: =Slag_Effects!A23 -> Cu-Al-Si-O | B88: =Slag_Effects!B23 -> Al2O3:SiO2 | C88: =Slag_Effects!C23 -> 1 | D88: =Slag_Effects!I23 -> 0.00062385951 | E88: =(D88-D$84)/D$84*100 -> 3.649579e-13
A89: =Slag_Effects!A24 -> Cu-Al-Si-O | B89: =Slag_Effects!B24 -> Al2O3:SiO2 | C89: =Slag_Effects!C24 -> 1.2 | D89: =Slag_Effects!I24 -> 0.00062385951 | E89: =(D89-D$84)/D$84*100 -> 8.6894737e-14
A90: =Slag_Effects!A25 -> Cu-Al-Si-O | B90: =Slag_Effects!B25 -> Al2O3:SiO2 | C90: =Slag_Effects!C25 -> 1.4 | D90: =Slag_Effects!I25 -> 0.00062385951 | E90: =(D90-D$84)/D$84*100 -> 8.6894737e-14
A91: =Slag_Effects!A26 -> Cu-Al-Si-O | B91: =Slag_Effects!B26 -> Al2O3:SiO2 | C91: =Slag_Effects!C26 -> 1.6 | D91: =Slag_Effects!I26 -> 0.000624011 | E91: =(D91-D$84)/D$84*100 -> 0.0242826
A92: =Slag_Effects!A27 -> Cu-Al-Si-O | B92: =Slag_Effects!B27 -> Al2O3:SiO2 | C92: =Slag_Effects!C27 -> 1.8 | D92: =Slag_Effects!I27 -> 0.00062407644 | E92: =(D92-D$84)/D$84*100 -> 0.034771612
A93: =Slag_Effects!A28 -> Cu-Al-Si-O | B93: =Slag_Effects!B28 -> Al2O3:SiO2 | C93: =Slag_Effects!C28 -> 2 | D93: =Slag_Effects!I28 -> 0.00062407644 | E93: =(D93-D$84)/D$84*100 -> 0.034771612
A94: =Slag_Effects!A29 -> Cu-Al-Si-O | B94: =Slag_Effects!B29 -> Al2O3:SiO2 | C94: =Slag_Effects!C29 -> 2.2 | D94: =Slag_Effects!I29 -> 0.00062407644 | E94: =(D94-D$84)/D$84*100 -> 0.034771612
A95: =Slag_Effects!A30 -> Cu-Al-Si-O | B95: =Slag_Effects!B30 -> Al2O3:SiO2 | C95: =Slag_Effects!C30 -> 2.4 | D95: =Slag_Effects!I30 -> 0.00062407644 | E95: =(D95-D$84)/D$84*100 -> 0.034771612
A96: =Slag_Effects!A31 -> Cu-Al-Si-O | B96: =Slag_Effects!B31 -> Al2O3:SiO2 | C96: =Slag_Effects!C31 -> 2.6 | D96: =Slag_Effects!I31 -> 0.00062407644 | E96: =(D96-D$84)/D$84*100 -> 0.034771612
... A98: =Slag_Effects!A33 -> Cu-Al-Si-O | B98: =Slag_Effects!B33 -> Al2O3:SiO2 | C98: =Slag_Effects!C33 -> 3 | D98: =Slag_Effects!I33 -> 0.00062407644 | E98: =(D98-D$84)/D$84*100 -> 0.034771612

Sheet Normalization
A1: NORMALIZATION — How TC-Python GM values become ΔGᶠ (kJ/mol O₂)
A2: Section 1: Binary oxide stoichiometry (17 oxides). Section 2: Ternary product stoichiometry (18 products). Sections 3-4: Worked examples with traceable formulas.
A4: SECTION 1: BINARY OXIDE NORMALIZATION
A5: TC-Python reports GM = Gibbs energy per mole of ATOMS. Pipeline: GM × atoms/formula → G(oxide); then ΔGᶠ = G(oxide) − G(metals) − G(O₂); finally ΔGᶠ / n_O₂ → kJ/mol O₂ for Ellingham comparison.
A7: Oxide | B7: Atoms/Formula | C7: Balanced Reaction | D7: oxide/O₂ | E7: GM @ 1800 K (J/mol-at) | F7: ΔG per mol O₂ (kJ)
A8: Cu2O | B8: 3 | C8: 4Cu + O2 -> 2Cu2O | D8: 2 | E8: =OX_Gibbs!C30 -> -159013.89 | F8: =OX_Gibbs!F30/1000 -> -87.468853
A9: Al2O3 | B9: 5 | C9: 4/3 Al + O2 -> 2/3 Al2O3 | D9: 0.667 | E9: =OX_Gibbs!O30 -> -391060.11 | F9: =OX_Gibbs!R30/1000 -> -732.29108
A10: MgO | B10: 2 | C10: 2Mg + O2 -> 2MgO | D10: 2 | E10: =OX_Gibbs!U30 -> -365091.54 | F10: =OX_Gibbs!X30/1000 -> -730.33088
A11: SiO2 | B11: 3 | C11: Si + O2 -> SiO2 | D11: 1 | E11: =OX_Gibbs!AA30 -> -364560.11 | F11: =OX_Gibbs!AD30/1000 -> -590.18934
A12: TiO2 | B12: 3 | C12: Ti + O2 -> TiO2 | D12: 1 | E12: =OX_Gibbs!AG30 -> -383762.58 | F12: =OX_Gibbs!AJ30/1000 -> -618.76705
A13: FeO | B13: 2 | C13: 2Fe + O2 -> 2FeO | D13: 2 | E13: =OX_Gibbs!AM30 -> -235131.74 | F13: =OX_Gibbs!AP30/1000 -> -301.27684
A14: CaO | B14: 2 | C14: 2Ca + O2 -> 2CaO | D14: 2 | E14: =OX_Gibbs!AS30 -> -394797.26 | F14: =OX_Gibbs!AV30/1000 -> -878.77799
A15: ZrO2 | B15: 3 | C15: Zr + O2 -> ZrO2 | D15: 1 | E15: =OX_Gibbs!AY30 -> -437021.95 | F15: =OX_Gibbs!BB30/1000 -> -763.16813
A16: Cr2O3 | B16: 5 | C16: 4/3 Cr + O2 -> 2/3 Cr2O3 | D16: 0.667 | E16: =OX_Gibbs!BE30 -> -296471.24 | F16: =OX_Gibbs!BH30/1000 -> -442.30782
A17: MnO | B17: 2 | C17: 2Mn + O2 -> 2MnO | D17: 2 | E17: =OX_Gibbs!BK30 -> -289975.68 | F17: =OX_Gibbs!BN30/1000 -> -496.36288
A18: V2O5 | B18: 7 | C18: 4/5 V + O2 -> 2/5 V2O5 | D18: 0.4 | E18: =OX_Gibbs!CO30 -> -305109.32 | F18: =OX_Gibbs!CR30/1000 -> -346.88653
A19: B2O3 | B19: 5 | C19: 4/3 B + O2 -> 2/3 B2O3 | D19: 0.667 | E19: =OX_Gibbs!CI30 -> -315909.82 | F19: =OX_Gibbs!CL30/1000 -> -568.57302
A20: La2O3 | B20: 5 | C20: 4/3 La + O2 -> 2/3 La2O3 | D20: 0.667 | E20: =OX_Gibbs!CU30 -> -447180.62 | F20: =OX_Gibbs!CX30/1000 -> -853.74793
A21: CeO2 | B21: 3 | C21: Ce + O2 -> CeO2 | D21: 1 | E21: =OX_Gibbs!DA30 -> 0 | F21: =OX_Gibbs!DD30/1000 -> -1328.1808
A22: NiO | B22: 2 | C22: 2Ni + O2 -> 2NiO | D22: 2 | E22: =OX_Gibbs!BQ30 -> -200868.58 | F22: =OX_Gibbs!BT30/1000 -> -163.49179
A23: CoO | B23: 2 | C23: 2Co + O2 -> 2CoO | D23: 2 | E23: =OX_Gibbs!BW30 -> -214124.99 | F23: =OX_Gibbs!BZ30/1000 -> -214.08761
A24: PbO | B24: 2 | C24: 2Pb + O2 -> 2PbO | D24: 2 | E24: =OX_Gibbs!CC30 -> 0 | F24: =OX_Gibbs!CF30/1000 -> -223.62415
A26: SECTION 2: TERNARY PRODUCT STOICHIOMETRY
A27: Ternary reaction: Cu + MOₓ + O₂ → CuMOᵧ. If ΔG < 0 the oxide captures copper into a ternary compound (or slag dissolution at steelmaking T).
A29: Product | B29: Name | C29: Reaction | D29: Parent Oxide | E29: n_Cu | F29: n_oxide | G29: n_O₂ | H29: Product Atoms | I29: Category
A30: CuAl2O4 | B30: Cu aluminate spinel | C30: Cu + Al2O3 + 0.5O2 -> CuAl2O4 | D30: Al2O3 | E30: 1 | F30: 1 | G30: 0.5 | H30: 7 | I30: Spinel
A31: CuAlO2 | B31: Delafossite | C31: Cu + 0.5Al2O3 + 0.25O2 -> CuAlO2 | D31: Al2O3 | E31: 1 | F31: 0.5 | G31: 0.25 | H31: 4 | I31: Delafossite
A32: CuCr2O4 | B32: Cu chromite spinel | C32: Cu + Cr2O3 + 0.5O2 -> CuCr2O4 | D32: Cr2O3 | E32: 1 | F32: 1 | G32: 0.5 | H32: 7 | I32: Spinel
A33: CuMn2O4 | B33: Cu manganite spinel | C33: Cu + 2MnO + O2 -> CuMn2O4 | D33: MnO | E33: 1 | F33: 2 | G33: 1 | H33: 7 | I33: Spinel
A34: CuFe2O4 | B34: Cu ferrite spinel | C34: Cu + 2FeO + O2 -> CuFe2O4 | D34: FeO | E34: 1 | F34: 2 | G34: 1 | H34: 7 | I34: Spinel
A35: CuCo2O4 | B35: Cu cobaltite spinel | C35: Cu + 2CoO + O2 -> CuCo2O4 | D35: CoO | E35: 1 | F35: 2 | G35: 1 | H35: 7 | I35: Spinel
A36: CuV2O6 | B36: Copper vanadate | C36: Cu + V2O5 + 0.5O2 -> CuV2O6 | D36: V2O5 | E36: 1 | F36: 1 | G36: 0.5 | H36: 9 | I36: Vanadate
A37: Cu3V2O8 | B37: Cu orthovanadate | C37: 3Cu + V2O5 + 1.5O2 -> Cu3V2O8 | D37: V2O5 | E37: 3 | F37: 1 | G37: 1.5 | H37: 13 | I37: Vanadate
A38: CuTiO3 | B38: Copper titanate | C38: Cu + TiO2 + 0.5O2 -> CuTiO3 | D38: TiO2 | E38: 1 | F38: 1 | G38: 0.5 | H38: 5 | I38: Titanate
A39: CuSiO3 | B39: Cu metasilicate | C39: Cu + SiO2 + 0.5O2 -> CuSiO3 | D39: SiO2 | E39: 1 | F39: 1 | G39: 0.5 | H39: 5 | I39: Silicate
A40: Cu2SiO4 | B40: Cu orthosilicate | C40: 2Cu + SiO2 + O2 -> Cu2SiO4 | D40: SiO2 | E40: 2 | F40: 1 | G40: 1 | H40: 7 | I40: Silicate
A41: CuMgO2 | B41: Cu magnesioxide (hyp) | C41: Cu + MgO + 0.5O2 -> CuMgO2 | D41: MgO | E41: 1 | F41: 1 | G41: 0.5 | H41: 4 | I41: Hypothetical
... A47: CuB2O4 | B47: Copper borate | C47: Cu + B2O3 + 0.5O2 -> CuB2O4 | D47: B2O3 | E47: 1 | F47: 1 | G47: 0.5 | H47: 7 | I47: Borate
A49: SECTION 3: WORKED EXAMPLE — Al₂O₃ (corundum)
A50: 2Al + 1.5 O₂ → Al₂O₃. Every cell traces to OX_Gibbs or CuFe2O4_Raw.
A52: Step | B52: Description | C52: Value | D52: Unit
A53: 1 | B53: GM per atom from TC-Python | C53: =OX_Gibbs!O30 -> -391060.11 | D53: J/mol-atoms
A54: 2 | B54: Atoms per formula unit (Al₂O₃ = 5) | C54: 5 | D54: atoms
A55: 3 | B55: G per formula unit = GM × atoms/formula | C55: =C53*C54 -> -1955300.5 | D55: J/mol
A56: 4 | B56: G of pure Al metal reference | C56: =OX_Gibbs!Q30 -> -109852.9 | D56: J/mol
A57: 5 | B57: G of O₂ gas reference (from CuFe2O4_Raw) | C57: =CuFe2O4_Raw!H24 -> -424772.08 | D57: J/mol
A58: 6 | B58: ΔGᶠ = G(oxide) − 2·G(metal) − 1.5·G(O₂) | C58: =C55-2*C56-1.5*C57 -> -1098436.6 | D58: J/mol
A59: 7 | B59: ΔGᶠ per mol O₂ = ΔGᶠ / 1.5 / 1000 | C59: =C58/1.5/1000 -> -732.29108 | D59: kJ/mol O₂
A60: 8 | B60: TC-Python pre-computed (verification) | C60: =OX_Gibbs!R30/1000 -> -732.29108 | D60: kJ/mol O₂
A62: SECTION 4: WORKED EXAMPLE — Cu₂O (cuprite)
A63: 4Cu + O₂ → 2Cu₂O. This is the reference oxide — all screening compares against Cu₂O.
A65: Step | B65: Description | C65: Value | D65: Unit
A66: 1 | B66: GM per atom from TC-Python | C66: =OX_Gibbs!C30 -> -159013.89 | D66: J/mol-atoms
A67: 2 | B67: Atoms per formula unit (Cu₂O = 3) | C67: 3 | D67: atoms
A68: 3 | B68: G per formula unit = GM × atoms/formula | C68: =C66*C67 -> -477041.66 | D68: J/mol
A69: 4 | B69: G of pure Cu metal reference | C69: =OX_Gibbs!E30 -> -110460.6 | D69: J/mol
A70: 5 | B70: G of O₂ gas reference (from CuFe2O4_Raw) | C70: =CuFe2O4_Raw!H24 -> -424772.08 | D70: J/mol
A71: 6 | B71: ΔGᶠ = G(oxide) − 2·G(metal) − 0.5·G(O₂) | C71: =C68-2*C69-0.5*C70 -> -43734.427 | D71: J/mol
A72: 7 | B72: ΔGᶠ per mol O₂ = ΔGᶠ / 0.5 / 1000 | C72: =C71/0.5/1000 -> -87.468853 | D72: kJ/mol O₂
A73: 8 | B73: TC-Python pre-computed (verification) | C73: =OX_Gibbs!F30/1000 -> -87.468853 | D73: kJ/mol O₂

Sheet Screening_Table
A1: BINARY SCREENING TABLE — One row per candidate oxide
A2: ΔG_rxn from TC-Python TCOX14 at three temperatures. Column K = toxicity hazard. RED = HIGH hazard — additional safety review required before experimental use.
A3: Oxide | B3: Formula | C3: Density (g/cm³) | D3: Melting Point (°C) | E3: Floats on Steel? | F3: Solid at 1527°C? | G3: ΔG_rxn @ 727°C (kJ/mol O₂) | H3: ΔG_rxn @ 1227°C (kJ/mol O₂) | I3: ΔG_rxn @ 1527°C (kJ/mol O₂) | J3: Cu Can Reduce? | K3: Toxicity | L3: Cost / Availability
A4: MgO | B4: MgO | C4: 3.58 | D4: 2852 | E4: Yes | F4: Yes | G4: 796 | H4: 736.5 | I4: 642.9 | J4: No | K4: Low | L4: $0.0003/g
A5: Al₂O₃ | B5: Al2O3 | C5: 3.95 | D5: 2072 | E5: Yes | F5: Yes | G5: 716.7 | H5: 682.7 | I5: 644.8 | J5: No | K5: Low | L5: $0.0005/g
A6: CaO | B6: CaO | C6: 3.34 | D6: 2613 | E6: Yes | F6: Yes | G6: 870.2 | H6: 836.4 | I6: 791.3 | J6: No | K6: Low | L6: $0.0002/g
A7: ZrO₂ | B7: ZrO2 | C7: 5.68 | D7: 2715 | E7: Yes | F7: Yes | G7: 718.6 | H7: 702.1 | I7: 675.7 | J7: No | K7: Low | L7: $0.035/g
A8: Cr₂O₃ | B8: Cr2O3 | C8: 5.22 | D8: 2435 | E8: Yes | F8: Yes | G8: 385.7 | H8: 377.8 | I8: 354.8 | J8: No | K8: Moderate — Cr(VI) risk if oxidized | L8: $0.005/g
A9: TiO₂ | B9: TiO2 | C9: 4.23 | D9: 1843 | E9: Yes | F9: Yes | G9: 569.4 | H9: 556.7 | I9: 531.3 | J9: No | K9: Low | L9: $0.003/g
A10: SiO₂ | B10: SiO2 | C10: 2.65 | D10: 1713 | E10: Yes | F10: Yes | G10: 539.4 | H10: 529.4 | I10: 502.7 | J10: No | K10: Low (crystalline = inhalation hazard) | L10: $0.00005/g
A11: MnO | B11: MnO | C11: 5.43 | D11: 1842 | E11: Yes | F11: Yes | G11: 434.1 | H11: 433.9 | I11: 408.9 | J11: No | K11: Low | L11: $0.005/g
A12: FeO | B12: FeO | C12: 5.74 | D12: 1377 | E12: Yes | F12: No — LIQUID | G12: 220.4 | H12: 230.7 | I12: 213.8 | J12: No | K12: Low | L12: $0.0009/g
A13: CuO | B13: CuO | C13: 6.31 | D13: 1326 | E13: Yes | F13: No — LIQUID | G13: -58.8 | H13: -51.7 | I13: -41 | J13: Trivially yes (Cu self-oxidation) | K13: Moderate — aquatic toxin | L13: $0.008/g
A14: NiO | B14: NiO | C14: 6.67 | D14: 1955 | E14: Yes | F14: Yes | G14: 107.5 | H14: 99.5 | I14: 76 | J14: No | K14: HIGH — IARC Group 1 carcinogen (inhalation) | L14: $0.016/g
A15: CoO | B15: CoO | C15: 6.44 | D15: 1830 | E15: Yes | F15: Yes | G15: 134.9 | H15: 141.3 | I15: 126.6 | J15: No | K15: HIGH — Carc. 1B, reproductive toxin | L15: $0.018/g
A16: PbO | B16: PbO | C16: 9.53 | D16: 888 | E16: No | F16: No — LIQUID | G16: -34.7 | H16: 81 | I16: 136.2 | J16: No | K16: HIGH — Repr. 1A, cumulative neurotoxin | L16: $0.004/g
A17: B₂O₃ | B17: B2O3 | C17: 2.55 | D17: 450 | E17: Yes | F17: No — LIQUID | G17: No data at this T | H17: No data at this T | I17: 481.1 | J17: No | K17: Moderate — Repr. 1B reproductive toxicant | L17: $0.003/g
A18: V₂O₅ | B18: V2O5 | C18: 3.36 | D18: 690 | E18: Yes | F18: No — LIQUID | G18: 257.2 | H18: 267 | I18: 259.4 | J18: No | K18: HIGH — Carc. 1B, mutagenic, acute toxic | L18: $0.011/g
A19: La₂O₃ | B19: La2O3 | C19: 6.51 | D19: 2315 | E19: Yes | F19: Yes | G19: 813 | H19: 795.2 | I19: 766.3 | J19: No | K19: Low-Moderate — mild pulmonary risk | L19: $0.010/g
A20: CeO₂ | B20: CeO2 | C20: 7.22 | D20: 2400 | E20: No | F20: Yes | G20: 997.2 | H20: 1156.3 | I20: 1240.7 | J20: No | K20: Low | L20: $0.006/g

Sheet Ternary_Verdicts
A1: TERNARY VERDICTS — One row per Cu-M-O product
A2: ΔG < 0 means oxide captures Cu into a ternary compound. Col I shows equilibrium phases at 1527°C (all melt into IONIC_LIQ at steelmaking temp).
A3: Product | B3: Name | C3: Oxide | D3: Reaction | E3: dG_rxn @ 727°C (kJ) | F3: dG_rxn @ 1227°C (kJ) | G3: dG_rxn @ 1527°C (kJ) | H3: Ternary Phase Found | I3: Stable Phases @ 1527°C | J3: Verdict
A4: CuAl2O4 | B4: copper aluminate spinel | C4: Al2O3 | D4: Cu + Al2O3 + 0.5 O2 -> CuAl2O4 | E4: -72.7 | F4: -38.8 | G4: -32.3 | H4: SPINEL#1 (to 1550 K) | I4: CORUNDUM#1; GAS#1; IONIC_LIQ#2 | J4: FAVORABLE — Cu captured
A5: CuAlO2 | B5: delafossite | C5: Al2O3 | D5: Cu + 0.5 Al2O3 + 0.25 O2 -> CuAlO2 | E5: -52.5 | F5: -35 | G5: -30.1 | H5: SPINEL#1 (to 1550 K) | I5: CORUNDUM#1; IONIC_LIQ#1; IONIC_LIQ#2 | J5: FAVORABLE — Cu captured
A6: CuCr2O4 | B6: copper chromite spinel | C6: Cr2O3 | D6: Cu + Cr2O3 + 0.5 O2 -> CuCr2O4 | E6: -82.3 | F6: -43.7 | G6: -30 | H6: ALPHA_SPINEL#1 (to 1900 K) | I6: CORUNDUM#1; DELAFOSSITE#1; GAS#1 | J6: FAVORABLE — Cu captured
A7: CuMn2O4 | B7: copper manganite spinel | C7: MnO | D7: Cu + 2MnO + O2 -> CuMn2O4 | E7: -161.8 | F7: -79.2 | G7: -64.4 | H7: SPINEL#1 (to 1700 K) | I7: GAS#1; IONIC_LIQ#2 | J7: FAVORABLE — Cu captured
A8: CuFe2O4 | B8: copper ferrite spinel | C8: FeO | D8: Cu + 2FeO + O2 -> CuFe2O4 | E8: -235.7 | F8: -149.6 | G8: -111.9 | H8: SPINEL#1 (to 1700 K) | I8: GAS#1; IONIC_LIQ#2 | J8: FAVORABLE — Cu captured
A9: CuV2O6 | B9: copper vanadate | C9: V2O5 | D9: Cu + V2O5 + 0.5 O2 -> CuV2O6 | E9: -66.7 | F9: -49.5 | G9: -45 | H9: none (liquid at all T) | I9: GAS#1; IONIC_LIQ#2 | J9: FAVORABLE — Cu captured
A10: Cu3V2O8 | B10: copper orthovanadate | C10: V2O5 | D10: 3Cu + V2O5 + 1.5 O2 -> Cu3V2O8 | E10: -198.7 | F10: -127.1 | G10: -109.2 | H10: none (liquid at all T) | I10: GAS#1; IONIC_LIQ#2 | J10: FAVORABLE — Cu captured
A11: CuTiO3 | B11: copper titanate | C11: TiO2 | D11: Cu + TiO2 + 0.5 O2 -> CuTiO3 | E11: -66.2 | F11: -37.3 | G11: -36.8 | H11: none (liquid at all T) | I11: GAS#1; IONIC_LIQ#2 | J11: FAVORABLE — Cu captured
A12: CuSiO3 | B12: copper metasilicate | C12: SiO2 | D12: Cu + SiO2 + 0.5 O2 -> CuSiO3 | E12: -66.2 | F12: -32.9 | G12: -26.2 | H12: none (liquid at all T) | I12: CRISTOBALITE#1; GAS#1; IONIC_LIQ#2 | J12: FAVORABLE — Cu captured
A13: Cu2SiO4 | B13: copper orthosilicate | C13: SiO2 | D13: 2Cu + SiO2 + O2 -> Cu2SiO4 | E13: -132.2 | F13: -65.7 | G13: -52.2 | H13: none (liquid at all T) | I13: CRISTOBALITE#1; GAS#1; IONIC_LIQ#2 | J13: FAVORABLE — Cu captured
A14: CuMgO2 | B14: copper magnesioxide (hypothetical) | C14: MgO | D14: Cu + MgO + 0.5 O2 -> CuMgO2 | E14: -67.9 | F14: -33.9 | G14: -26.1 | H14: GUGGENITE#1 (to 1350 K) | I14: GAS#1; HALITE#1; IONIC_LIQ#2 | J14: FAVORABLE — Cu captured
A15: CuCaO2 | B15: copper calcioxide (hypothetical) | C15: CaO | D15: Cu + CaO + 0.5 O2 -> CuCaO2 | E15: -67.3 | F15: -36.6 | G15: -30.7 | H15: CA2CUO3#1 (to 1300 K) | I15: GAS#1; HALITE#1; IONIC_LIQ#2 | J15: FAVORABLE — Cu captured
... A19: CuLaO2 | B19: copper lanthanum oxide | C19: La2O3 | D19: Cu + 0.5 La2O3 + 0.25 O2 -> CuLaO2 | E19: -50.9 | F19: -31.1 | G19: -27.8 | H19: DELAFOSSITE#1 (to 1500 K) | I19: IONIC_LIQ#1; IONIC_LIQ#2; M2O3A#1 | J19: FAVORABLE — Cu captured
A20: CuCeO3 | B20: copper cerate (hypothetical) | C20: CeO2 | D20: Cu + CeO2 + 0.5 O2 -> CuCeO3 | E20: No data | F20: No data | G20: No data | H20: none (liquid at all T) | I20: ERROR: Thermo-Calc calculation error: se.thermocalc.core.CalculationEngineException: The element CE is not in the database, it contains only the following elements: [/-, AL, AR, B, BA, C, CA, CO, CR, CU, F, FE, GD, H, HF, K, LA, LI, MG, MN, MO, N, NA, NB, NI, O, P, S, SI, TI, V, VA, W, Y, YB, ZR] | J20: No data
A21: CuB2O4 | B21: copper borate | C21: B2O3 | D21: Cu + B2O3 + 0.5 O2 -> CuB2O4 | E21: -79.7 | F21: -51.3 | G21: -47.7 | H21: CUB2O4#1 (to 1300 K) | I21: GAS#1; IONIC_LIQ#2 | J21: FAVORABLE — Cu captured

Sheet Activity_Corrected
A1: ACTIVITY-CORRECTED ΔG — Accounting for dilute Cu in liquid Fe
A2: Pre-computed at X_Cu=0.003, γ_Cu=8.5. Column M verdict is a live formula. See Activity_and_Slag tab for interactive version with editable parameter cells.
A3: product | B3: parent_oxide | C3: T_K | D3: T_C | E3: dG_pure_kJ | F3: Cu_correction_kJ | G3: O2_correction_air_kJ | H3: dG_corrected_pO2_1atm_kJ | I3: dG_corrected_pO2_air_kJ | J3: a_Cu | K3: n_Cu | L3: n_O2 | M3: verdict_corrected
A4: CuFe2O4 | B4: FeO | C4: 800 | D4: 526.85 | E4: -271.03 | F4: 24.4 | G4: 10.38 | H4: -246.63 | I4: -236.25 | J4: 0.0255 | K4: 1 | L4: 1 | M4: =IF(H4<-10,"ROBUST",IF(H4<0,"MARGINAL",IF(H4<15,"UNCERTAIN","UNFAVORABLE"))) -> ROBUST
A5: CuFe2O4 | B5: FeO | C5: 825 | D5: 551.85 | E5: -267.09 | F5: 25.17 | G5: 10.7 | H5: -241.93 | I5: -231.22 | J5: 0.0255 | K5: 1 | L5: 1 | M5: =IF(H5<-10,"ROBUST",IF(H5<0,"MARGINAL",IF(H5<15,"UNCERTAIN","UNFAVORABLE"))) -> ROBUST
A6: CuFe2O4 | B6: FeO | C6: 850 | D6: 576.85 | E6: -262.71 | F6: 25.93 | G6: 11.03 | H6: -236.79 | I6: -225.76 | J6: 0.0255 | K6: 1 | L6: 1 | M6: =IF(H6<-10,"ROBUST",IF(H6<0,"MARGINAL",IF(H6<15,"UNCERTAIN","UNFAVORABLE"))) -> ROBUST
A7: CuFe2O4 | B7: FeO | C7: 875 | D7: 601.85 | E7: -258.17 | F7: 26.69 | G7: 11.35 | H7: -231.48 | I7: -220.12 | J7: 0.0255 | K7: 1 | L7: 1 | M7: =IF(H7<-10,"ROBUST",IF(H7<0,"MARGINAL",IF(H7<15,"UNCERTAIN","UNFAVORABLE"))) -> ROBUST
A8: CuFe2O4 | B8: FeO | C8: 900 | D8: 626.85 | E8: -253.64 | F8: 27.45 | G8: 11.68 | H8: -226.18 | I8: -214.51 | J8: 0.0255 | K8: 1 | L8: 1 | M8: =IF(H8<-10,"ROBUST",IF(H8<0,"MARGINAL",IF(H8<15,"UNCERTAIN","UNFAVORABLE"))) -> ROBUST
A9: CuFe2O4 | B9: FeO | C9: 925 | D9: 651.85 | E9: -249.13 | F9: 28.22 | G9: 12 | H9: -220.91 | I9: -208.91 | J9: 0.0255 | K9: 1 | L9: 1 | M9: =IF(H9<-10,"ROBUST",IF(H9<0,"MARGINAL",IF(H9<15,"UNCERTAIN","UNFAVORABLE"))) -> ROBUST
A10: CuFe2O4 | B10: FeO | C10: 950 | D10: 676.85 | E10: -244.63 | F10: 28.98 | G10: 12.33 | H10: -215.65 | I10: -203.33 | J10: 0.0255 | K10: 1 | L10: 1 | M10: =IF(H10<-10,"ROBUST",IF(H10<0,"MARGINAL",IF(H10<15,"UNCERTAIN","UNFAVORABLE"))) -> ROBUST
A11: CuFe2O4 | B11: FeO | C11: 975 | D11: 701.85 | E11: -240.16 | F11: 29.74 | G11: 12.65 | H11: -210.41 | I11: -197.76 | J11: 0.0255 | K11: 1 | L11: 1 | M11: =IF(H11<-10,"ROBUST",IF(H11<0,"MARGINAL",IF(H11<15,"UNCERTAIN","UNFAVORABLE"))) -> ROBUST
A12: CuFe2O4 | B12: FeO | C12: 1000 | D12: 726.85 | E12: -235.69 | F12: 30.5 | G12: 12.98 | H12: -205.19 | I12: -192.21 | J12: 0.0255 | K12: 1 | L12: 1 | M12: =IF(H12<-10,"ROBUST",IF(H12<0,"MARGINAL",IF(H12<15,"UNCERTAIN","UNFAVORABLE"))) -> ROBUST
A13: CuFe2O4 | B13: FeO | C13: 1025 | D13: 751.85 | E13: -231.25 | F13: 31.27 | G13: 13.3 | H13: -199.98 | I13: -186.68 | J13: 0.0255 | K13: 1 | L13: 1 | M13: =IF(H13<-10,"ROBUST",IF(H13<0,"MARGINAL",IF(H13<15,"UNCERTAIN","UNFAVORABLE"))) -> ROBUST
A14: CuFe2O4 | B14: FeO | C14: 1050 | D14: 776.85 | E14: -226.81 | F14: 32.03 | G14: 13.62 | H14: -194.78 | I14: -181.16 | J14: 0.0255 | K14: 1 | L14: 1 | M14: =IF(H14<-10,"ROBUST",IF(H14<0,"MARGINAL",IF(H14<15,"UNCERTAIN","UNFAVORABLE"))) -> ROBUST
A15: CuFe2O4 | B15: FeO | C15: 1075 | D15: 801.85 | E15: -222.39 | F15: 32.79 | G15: 13.95 | H15: -189.6 | I15: -175.65 | J15: 0.0255 | K15: 1 | L15: 1 | M15: =IF(H15<-10,"ROBUST",IF(H15<0,"MARGINAL",IF(H15<15,"UNCERTAIN","UNFAVORABLE"))) -> ROBUST
... A288: Cu2SiO4 | B288: SiO2 | C288: 1900 | D288: 1626.85 | E288: -48.26 | F288: 115.92 | G288: 24.65 | H288: 67.65 | I288: 92.31 | J288: 0.0255 | K288: 2 | L288: 1 | M288: =IF(H288<-10,"ROBUST",IF(H288<0,"MARGINAL",IF(H288<15,"UNCERTAIN","UNFAVORABLE"))) -> UNFAVORABLE

Sheet OX_Gibbs
A1: RAW TC-PYTHON — Binary oxide Gibbs energies (18 oxides, TCOX14+SSUB3)
A2: GM values are per mole of ATOMS. See Normalization tab for conversion to kJ/mol O₂. Temperatures: 500-2000 K in 50 K steps.
A3: T_K | B3: T_C | C3: GM_Cu2O | D3: GM_system_Cu2O | E3: G_metal_Cu2O | F3: dG_Cu2O_per_O2 | G3: phases_Cu2O | H3: oxide_phase_Cu2O | I3: GM_CuO | J3: GM_system_CuO | K3: G_metal_CuO | L3: dG_CuO_per_O2 | M3: phases_CuO | N3: oxide_phase_CuO | O3: GM_Al2O3 | P3: GM_system_Al2O3 | Q3: G_metal_Al2O3 | R3: dG_Al2O3_per_O2 | S3: phases_Al2O3 | T3: oxide_phase_Al2O3 | U3: GM_MgO | V3: GM_system_MgO | W3: G_metal_MgO | X3: dG_MgO_per_O2 | Y3: phases_MgO | Z3: oxide_phase_MgO | AA3: GM_SiO2 | AB3: GM_system_SiO2 | AC3: G_metal_SiO2 | AD3: dG_SiO2_per_O2 | AE3: phases_SiO2 | AF3: oxide_phase_SiO2 | AG3: GM_TiO2 | AH3: GM_system_TiO2 | AI3: G_metal_TiO2 | AJ3: dG_TiO2_per_O2 | AK3: phases_TiO2 | AL3: oxide_phase_TiO2 | AM3: GM_FeO | AN3: GM_system_FeO | AO3: G_metal_FeO | AP3: dG_FeO_per_O2 | AQ3: phases_FeO | AR3: oxide_phase_FeO | AS3: GM_CaO | AT3: GM_system_CaO | AU3: G_metal_CaO | AV3: dG_CaO_per_O2 | AW3: phases_CaO | AX3: oxide_phase_CaO | AY3: GM_ZrO2 | AZ3: GM_system_ZrO2 | BA3: G_metal_ZrO2 | BB3: dG_ZrO2_per_O2 | BC3: phases_ZrO2 | BD3: oxide_phase_ZrO2 | BE3: GM_Cr2O3 | BF3: GM_system_Cr2O3 | BG3: G_metal_Cr2O3 | BH3: dG_Cr2O3_per_O2 | BI3: phases_Cr2O3 | BJ3: oxide_phase_Cr2O3 | BK3: GM_MnO | BL3: GM_system_MnO | BM3: G_metal_MnO | BN3: dG_MnO_per_O2 | BO3: phases_MnO | BP3: oxide_phase_MnO | BQ3: GM_NiO | BR3: GM_system_NiO | BS3: G_metal_NiO | BT3: dG_NiO_per_O2 | BU3: phases_NiO | BV3: oxide_phase_NiO | BW3: GM_CoO | BX3: GM_system_CoO | BY3: G_metal_CoO | BZ3: dG_CoO_per_O2 | CA3: phases_CoO | CB3: oxide_phase_CoO | CC3: GM_PbO | CD3: GM_system_PbO | CE3: G_metal_PbO | CF3: dG_PbO_per_O2 | CG3: phases_PbO | CH3: oxide_phase_PbO | CI3: GM_B2O3 | CJ3: GM_system_B2O3 | CK3: G_metal_B2O3 | CL3: dG_B2O3_per_O2 | CM3: phases_B2O3 | CN3: oxide_phase_B2O3 | CO3: GM_V2O5 | CP3: GM_system_V2O5 | CQ3: G_metal_V2O5 | CR3: dG_V2O5_per_O2 | CS3: phases_V2O5 | CT3: oxide_phase_V2O5 | CU3: GM_La2O3 | CV3: GM_system_La2O3 | CW3: G_metal_La2O3 | CX3: dG_La2O3_per_O2 | CY3: phases_La2O3 | CZ3: oxide_phase_La2O3 | DA3: GM_CeO2 | DB3: GM_system_CeO2 | DC3: G_metal_CeO2 | DD3: dG_CeO2_per_O2 | DE3: phases_CeO2 | DF3: oxide_phase_CeO2
A4: 500 | B4: 226.85 | C4: -73444.479 | D4: -73389.029 | E4: -18012.016 | F4: -264411.73 | G4: CUPRITE#1;FCC_A1#1 | H4: CUPRITE#1 | I4: -89642.551 | J4: -89642.551 | K4: -18012.016 | L4: -218339.1 | M4: CUO#1 | N4: CUO#1 | O4: -341247.42 | P4: -341247.42 | Q4: -15643.623 | R4: -1012426.2 | S4: CORUNDUM#1;FCC_A1#1 | T4: CORUNDUM#1 | U4: -308692.03 | V4: -308692.03 | W4: -17846.112 | X4: -1094868.8 | Y4: HALITE#1 | Z4: HALITE#1 | AA4: -311415.68 | AB4: -311156.37 | AC4: -10664.618 | AD4: -819375.35 | AE4: GAS#1;QUARTZ#1 | AF4: QUARTZ#1 | AG4: -323627.46 | AH4: -323355.94 | AI4: -16901.095 | AJ4: -849774.21 | AK4: GAS#1;RUTILE#1 | AL4: RUTILE#1 | AM4: -151649.53 | AN4: -151649.53 | AO4: -15154.713 | AP4: -472081.61 | AQ4: BCC_A2#1;SPINEL#1 | AR4: NOT_FOUND | AS4: -328264.22 | AT4: -328264.22 | AU4: -22354.311 | AV4: -1164141.2 | AW4: HALITE#1 | AX4: HALITE#1 | AY4: -376299.97 | AZ4: -375975.77 | BA4: -21167.402 | BB4: -1003525.4 | BC4: GAS#1;ZRO2_MONO#1 | BD4: ZRO2_MONO#1 | BE4: -235244.09 | BF4: -235244.09 | BG4: -13193.085 | BH4: -662349.11 | BI4: CORUNDUM#1 | BJ4: CORUNDUM#1 | BK4: -209433.61 | BL4: -209433.61 | BM4: -17713.156 | BN4: -698101.06 | BO4: CBCC_A12#1;HALITE#1 | BP4: HALITE#1 | BQ4: -130720.41 | BR4: -130720.41 | BS4: -16450.818 | BT4: -385772.95 | BU4: HALITE#1 | BV4: HALITE#1 | BW4: -133470.04 | BX4: -133470.04 | BY4: -16529.301 | BZ4: -396614.49 | CA4: HALITE#1;HCP_A3#1 | CB4: HALITE#1 | CF4: -127614.51 | CH4: SSUB3 | CM4: Error: Thermo-Calc calculation error: se.thermocalc.core.CalculationEngineException: ERROR IN QTHISS : TOO MANY ITERATIONS | CO4: -232013.43 | CP4: -232013.43 | CQ4: -16917.985 | CR4: -531896.16 | CS4: V2O5#1 | CT4: V2O5#1 | CU4: -372348.45 | CV4: -372348.45 | CW4: -30055.178 | CX4: -1096880.9 | CY4: M2O3A#1 | CZ4: NOT_FOUND | DD4: -1125260.7 | DF4: SSUB3
A5: 550 | B5: 276.85 | C5: -75626.29 | D5: -75571.035 | E5: -20387.806 | F5: -256894.64 | G5: CUPRITE#1;FCC_A1#1 | H5: CUPRITE#1 | I5: -91377.315 | J5: -91377.315 | K5: -20387.806 | L5: -209421.77 | M5: CUO#1 | N5: CUO#1 | O5: -342293.35 | P5: -342293.35 | Q5: -17787.565 | R5: -1001949.2 | S5: CORUNDUM#1;FCC_A1#1 | T5: CORUNDUM#1 | U5: -309964.34 | V5: -309964.34 | W5: -20217.612 | X5: -1084110.3 | Y5: HALITE#1 | Z5: HALITE#1 | AA5: -312606.92 | AB5: -312351.97 | AC5: -12227.27 | AD5: -810281.63 | AE5: GAS#1;QUARTZ#1 | AF5: QUARTZ#1 | AG5: -325057.24 | AH5: -324789.84 | AI5: -19193.487 | AJ5: -840666.35 | AK5: GAS#1;RUTILE#1 | AL5: RUTILE#1 | AM5: -153434.74 | AN5: -153434.74 | AO5: -17286.519 | AP5: -463854.03 | AQ5: BCC_A2#1;SPINEL#1 | AR5: NOT_FOUND | AS5: -329874.46 | AT5: -329874.46 | AU5: -25197.426 | AV5: -1153791.1 | AW5: HALITE#1 | AX5: HALITE#1 | AY5: -377725.01 | AZ5: -377404.94 | BA5: -23895.673 | BB5: -993967.48 | BC5: GAS#1;ZRO2_MONO#1 | BD5: ZRO2_MONO#1 | BE5: -236695.35 | BF5: -236695.35 | BG5: -15077.586 | BH5: -653569.17 | BI5: CORUNDUM#1 | BJ5: CORUNDUM#1 | BK5: -211574.22 | BL5: -211574.22 | BM5: -20127.467 | BN5: -690730.07 | BO5: CBCC_A12#1;HALITE#1 | BP5: HALITE#1 | BQ5: -132399.19 | BR5: -132399.19 | BS5: -18734.614 | BT5: -376815.66 | BU5: HALITE#1 | BV5: HALITE#1 | BW5: -135554.63 | BX5: -135554.63 | BY5: -18788.803 | BZ5: -389329.04 | CA5: HALITE#1;HCP_A3#1 | CB5: HALITE#1 | CF5: -129999.32 | CH5: SSUB3 | CM5: Error: Thermo-Calc calculation error: se.thermocalc.core.CalculationEngineException: ERROR IN QTHISS : TOO MANY ITERATIONS | CO5: -233523.6 | CP5: -233523.6 | CQ5: -19185.692 | CR5: -523205.64 | CS5: V2O5#1;V3O7#1 | CT5: V2O5#1 | CU5: -374280.07 | CV5: -374280.07 | CW5: -33674.505 | CX5: -1087389 | CY5: M2O3A#1 | CZ5: NOT_FOUND | DD5: -1130278.5 | DF5: SSUB3
A6: 600 | B6: 326.85 | C6: -77918.124 | D6: -77863.073 | E6: -22883.974 | F6: -249412.37 | G6: CUPRITE#1;FCC_A1#1 | H6: CUPRITE#1 | I6: -93226.43 | J6: -93226.43 | K6: -22883.974 | L6: -200577.3 | M6: CUO#1;CUPRITE#1 | N6: CUO#1 | O6: -343439.04 | P6: -343439.04 | Q6: -20056.834 | R6: -991493.89 | S6: CORUNDUM#1;FCC_A1#1 | T6: CORUNDUM#1 | U6: -311342.51 | V6: -311342.51 | W6: -22714.972 | X6: -1073379.6 | Y6: HALITE#1 | Z6: HALITE#1 | AA6: -313893.47 | AB6: -313642.86 | AC6: -13898.083 | AD6: -801221.86 | AE6: GAS#1;QUARTZ#1 | AF6: QUARTZ#1 | AG6: -326591.83 | AH6: -326328.44 | AI6: -21615.892 | AJ6: -831599.12 | AK6: GAS#1;RUTILE#1 | AL6: RUTILE#1 | AM6: -155350.44 | AN6: -155350.44 | AO6: -19557.489 | AP6: -455726.3 | AQ6: BCC_A2#1;SPINEL#1 | AR6: NOT_FOUND | AS6: -331598.69 | AT6: -331598.69 | AU6: -28174.365 | AV6: -1143485.5 | AW6: HALITE#1 | AX6: HALITE#1 | AY6: -379254.7 | AZ6: -378938.72 | BA6: -26754.746 | BB6: -984448.87 | BC6: GAS#1;ZRO2_MONO#1 | BD6: ZRO2_MONO#1 | BE6: -238255.14 | BF6: -238255.14 | BG6: -17083.087 | BH6: -644845.86 | BI6: CORUNDUM#1 | BJ6: CORUNDUM#1 | BK6: -213827.82 | BL6: -213827.82 | BM6: -22683.17 | BN6: -683384.45 | BO6: CBCC_A12#1;HALITE#1 | BP6: HALITE#1 | BQ6: -134207.65 | BR6: -134207.65 | BS6: -21169.097 | BT6: -367931.93 | BU6: HALITE#1 | BV6: HALITE#1 | BW6: -137758.18 | BX6: -137758.18 | BY6: -21179.155 | BZ6: -382113.93 | CA6: HALITE#1;HCP_A3#1 | CB6: HALITE#1 | CF6: -132502.22 | CH6: SSUB3 | CI6: -262962.27 | CJ6: -262962.27 | CK6: -5351.862 | CL6: -742844.61 | CM6: B2O3#1;BETA_RHOMBO_B#1 | CN6: B2O3#1 | CO6: -235135 | CP6: -235135 | CQ6: -21575.627 | CR6: -514557.02 | CS6: V2O5#1 | CT6: V2O5#1 | CU6: -376323.82 | CV6: -376323.82 | CW6: -37452.309 | CX6: -1077915.8 | CY6: M2O3A#1 | CZ6: NOT_FOUND | DD6: -1135625 | DF6: SSUB3
A7: 650 | B7: 376.85 | C7: -80312.452 | D7: -80257.615 | E7: -25491.622 | F7: -241965.31 | G7: CUPRITE#1;FCC_A1#1 | H7: CUPRITE#1 | I7: -95181.94 | J7: -95181.94 | K7: -25491.622 | L7: -191801.6 | M7: CUO#1;CUPRITE#1 | N7: CUO#1 | O7: -344678.58 | P7: -344678.58 | Q7: -22443.344 | R7: -981061.23 | S7: CORUNDUM#1;FCC_A1#1 | T7: CORUNDUM#1 | U7: -312819.31 | V7: -312819.31 | W7: -25329.833 | X7: -1062674.7 | Y7: HALITE#1 | Z7: HALITE#1 | AA7: -315269.72 | AB7: -315023.42 | AC7: -15669.616 | AD7: -792196.63 | AE7: GAS#1;QUARTZ#1 | AF7: QUARTZ#1 | AG7: -328224.19 | AH7: -327964.94 | AI7: -24159.617 | AJ7: -822570.03 | AK7: GAS#1;RUTILE#1 | AL7: RUTILE#1 | AM7: -157391.4 | AN7: -157391.4 | AO7: -21961.62 | AP7: -447699.44 | AQ7: BCC_A2#1;SPINEL#1 | AR7: NOT_FOUND | AS7: -333428.66 | AT7: -333428.66 | AU7: -31277.988 | AV7: -1133215.8 | AW7: HALITE#1 | AX7: HALITE#1 | AY7: -380881.82 | AZ7: -380569.91 | BA7: -29735.679 | BB7: -974966.87 | BC7: GAS#1;ZRO2_MONO#1 | BD7: ZRO2_MONO#1 | BE7: -239915.56 | BF7: -239915.56 | BG7: -19201.427 | BH7: -636173.7 | BI7: CORUNDUM#1 | BJ7: CORUNDUM#1 | BK7: -216186.24 | BL7: -216186.24 | BM7: -25371.836 | BN7: -676058.38 | BO7: CBCC_A12#1;HALITE#1 | BP7: HALITE#1 | BQ7: -136130.72 | BR7: -136130.72 | BS7: -23753.604 | BT7: -359072.76 | BU7: FCC_A1#1;HALITE#1 | BV7: HALITE#1 | BW7: -140072.08 | BX7: -140072.08 | BY7: -23692.248 | BZ7: -374960.89 | CA7: HALITE#1;HCP_A3#1 | CB7: HALITE#1 | CF7: -135117.11 | CH7: SSUB3 | CM7: Error: Thermo-Calc calculation error: se.thermocalc.core.CalculationEngineException: ERROR IN QTHISS : TOO MANY ITERATIONS | CO7: -236840.93 | CP7: -236840.93 | CQ7: -24079.007 | CR7: -505948.47 | CS7: V2O5#1;V3O7#1 | CT7: V2O5#1 | CU7: -378471.57 | CV7: -378471.57 | CW7: -41346.017 | CX7: -1068500.9 | CY7: GAS#1;M2O3A#1 | CZ7: NOT_FOUND | DD7: -1141277.3 | DF7: SSUB3
A8: 700 | B8: 426.85 | C8: -82802.797 | D8: -82748.181 | E8: -28203.163 | F8: -234553.45 | G8: CUPRITE#1;FCC_A1#1 | H8: CUPRITE#1 | I8: -97236.935 | J8: -97236.935 | K8: -28203.163 | L8: -183090.73 | M8: CUO#1;CUPRITE#1 | N8: CUO#1 | O8: -346006.55 | P8: -346006.55 | Q8: -24940.287 | R8: -970650.78 | S8: CORUNDUM#1;FCC_A1#1 | T8: CORUNDUM#1 | U8: -314388.37 | V8: -314388.37 | W8: -28055.214 | X8: -1051992.4 | Y8: HALITE#1 | Z8: HALITE#1 | AA8: -316730.71 | AB8: -316488.7 | AC8: -17535.413 | AD8: -783206.03 | AE8: GAS#1;QUARTZ#1 | AF8: QUARTZ#1 | AG8: -329948.06 | AH8: -329692.84 | AI8: -26817.229 | AJ8: -813576.27 | AK8: GAS#1;RUTILE#1 | AL8: RUTILE#1 | AM8: -159553.78 | AN8: -159553.78 | AO8: -24494.405 | AP8: -439775.63 | AQ8: BCC_A2#1;SPINEL#1 | AR8: NOT_FOUND | AS8: -335357.22 | AT8: -335357.22 | AU8: -34502.384 | AV8: -1122973.4 | AW8: HALITE#1 | AX8: HALITE#1 | AY8: -382600.09 | AZ8: -382292.22 | BA8: -32830.878 | BB8: -965518.71 | BC8: GAS#1;ZRO2_MONO#1 | BD8: ZRO2_MONO#1 | BE8: -241669.74 | BF8: -241669.74 | BG8: -21425.75 | BH8: -627547.45 | BI8: CORUNDUM#1 | BJ8: CORUNDUM#1 | BK8: -218642.5 | BL8: -218642.5 | BM8: -28186.268 | BN8: -668746.79 | BO8: CBCC_A12#1;HALITE#1 | BP8: HALITE#1 | BQ8: -138159.14 | BR8: -138159.14 | BS8: -26466.209 | BT8: -350253.47 | BU8: FCC_A1#1;HALITE#1 | BV8: HALITE#1 | BW8: -142489.02 | BX8: -142489.02 | BY8: -26324.525 | BZ8: -367856.37 | CA8: FCC_A1#1;HALITE#1 | CB8: HALITE#1 | CF8: -137846.18 | CH8: SSUB3 | CM8: Error: Thermo-Calc calculation error: se.thermocalc.core.CalculationEngineException: ERROR IN QTHISS : TOO MANY ITERATIONS | CO8: -238635.7 | CP8: -238635.7 | CQ8: -26688.329 | CR8: -497378.61 | CS8: V2O5#1 | CT8: V2O5#1 | CU8: -380716.33 | CV8: -380716.33 | CW8: -45348.971 | CX8: -1059138.5 | CY8: M2O3A#1 | CZ8: NOT_FOUND | DD8: -1147215.1 | DF8: SSUB3
A9: 750 | B9: 476.85 | C9: -85383.53 | D9: -85329.142 | E9: -31012.049 | F9: -227176.66 | G9: CUPRITE#1;FCC_A1#1 | H9: CUPRITE#1 | I9: -99385.375 | J9: -99385.375 | K9: -31012.049 | L9: -174441.08 | M9: CUO#1 | N9: CUO#1 | O9: -347418.06 | P9: -347418.06 | Q9: -27541.91 | R9: -960261.32 | S9: CORUNDUM#1;FCC_A1#1 | T9: CORUNDUM#1 | U9: -316044.09 | V9: -316044.09 | W9: -30885.237 | X9: -1041329.6 | Y9: HALITE#1 | Z9: HALITE#1 | AA9: -318272.88 | AB9: -318035.15 | AC9: -19489.833 | AD9: -774252.48 | AE9: GAS#1;QUARTZ#1 | AF9: QUARTZ#1 | AG9: -331757.86 | AH9: -331506.64 | AI9: -29582.304 | AJ9: -804614.94 | AK9: GAS#1;RUTILE#1 | AL9: RUTILE#1 | AM9: -161835.22 | AN9: -161835.22 | AO9: -27152.639 | AP9: -431959.27 | AQ9: BCC_A2#1;SPINEL#1 | AR9: NOT_FOUND | AS9: -337378.09 | AT9: -337378.09 | AU9: -37885.73 | AV9: -1112664.6 | AW9: HALITE#1 | AX9: HALITE#1 | AY9: -384403.96 | AZ9: -384100.09 | BA9: -36033.815 | BB9: -956101.74 | BC9: GAS#1;ZRO2_MONO#1 | BD9: ZRO2_MONO#1 | BE9: -243511.67 | BF9: -243511.67 | BG9: -23750.259 | BH9: -618962.23 | BI9: CORUNDUM#1 | BJ9: CORUNDUM#1 | BK9: -221190.53 | BL9: -221190.53 | BM9: -31120.262 | BN9: -661445.27 | BO9: CBCC_A12#1;HALITE#1 | BP9: HALITE#1 | BQ9: -140285.57 | BR9: -140285.57 | BS9: -29289.648 | BT9: -341486.67 | BU9: FCC_A1#1;HALITE#1 | BV9: HALITE#1 | BW9: -145002.75 | BX9: -145002.75 | BY9: -29094.988 | BZ9: -360744.71 | CA9: FCC_A1#1;HALITE#1 | CB9: HALITE#1 | CF9: -140671.15 | CH9: SSUB3 | CI9: -266817.85 | CJ9: -266817.85 | CK9: -8323.3279 | CL9: -717218.72 | CM9: IONIC_LIQ#1 | CN9: NOT_FOUND | CO9: -240514.53 | CP9: -240514.53 | CQ9: -29397.107 | CR9: -488846.66 | CS9: V2O5#1 | CT9: V2O5#1 | CU9: -383052.06 | CV9: -383052.06 | CW9: -49455.563 | CX9: -1049823.1 | CY9: M2O3A#1 | CZ9: NOT_FOUND | DD9: -1153421 | DF9: SSUB3
A10: 800 | B10: 526.85 | C10: -88049.722 | D10: -87995.569 | E10: -33912.573 | F10: -219834.74 | G10: CUPRITE#1;FCC_A1#1 | H10: CUPRITE#1 | I10: -101621.95 | J10: -101621.95 | K10: -33912.573 | L10: -165849.34 | M10: CUO#1;CUPRITE#1 | N10: CUO#1 | O10: -348908.68 | P10: -348908.68 | Q10: -30243.549 | R10: -949890.9 | S10: CORUNDUM#1;FCC_A1#1 | T10: CORUNDUM#1 | U10: -317781.49 | V10: -317781.49 | W10: -33814.914 | X10: -1030682.8 | Y10: HALITE#1 | Z10: HALITE#1 | AA10: -319894.45 | AB10: -319660.96 | AC10: -21527.916 | AD10: -765342.12 | AE10: GAS#1;QUARTZ#1 | AF10: QUARTZ#1 | AG10: -333648.59 | AH10: -333401.35 | AI10: -32449.237 | AJ10: -795683.24 | AK10: GAS#1;RUTILE#1 | AL10: RUTILE#1 | AM10: -164235.13 | AN10: -164235.13 | AO10: -29934.315 | AP10: -424258.6 | AQ10: BCC_A2#1;SPINEL#1 | AR10: NOT_FOUND | AS10: -339485.7 | AT10: -339485.7 | AU10: -41398.183 | AV10: -1102333.1 | AW10: HALITE#1 | AX10: HALITE#1 | AY10: -386288.54 | AZ10: -385988.66 | BA10: -39338.82 | BB10: -946713.5 | BC10: GAS#1;ZRO2_MONO#1 | BD10: ZRO2_MONO#1 | BE10: -245436.05 | BF10: -245436.05 | BG10: -26170.02 | BH10: -610413.51 | BI10: CORUNDUM#1 | BJ10: CORUNDUM#1 | BK10: -223825.03 | BL10: -223825.03 | BM10: -34168.409 | BN10: -654150.01 | BO10: CBCC_A12#1;HALITE#1 | BP10: HALITE#1 | BQ10: -142503.86 | BR10: -142503.86 | BS10: -32215.643 | BT10: -332770.85 | BU10: FCC_A1#1;HALITE#1 | BV10: HALITE#1 | BW10: -147607.81 | BX10: -147607.8 | BY10: -31971.301 | BZ10: -353675.32 | CA10: FCC_A1#1;HALITE#1 | CB10: HALITE#1 | CF10: -143586.87 | CH10: SSUB3 | CM10: Error: Thermo-Calc calculation error: se.thermocalc.core.CalculationEngineException: ERROR IN QTHISS : TOO MANY ITERATIONS | CO10: -242473.37 | CP10: -242473.37 | CQ10: -32199.681 | CR10: -480352.39 | CS10: V2O5#1 | CT10: V2O5#1 | CU10: -385473.45 | CV10: -385473.45 | CW10: -53660.986 | CX10: -1040550.2 | CY10: M2O3A#1 | CZ10: NOT_FOUND | DD10: -1159879.6 | DF10: SSUB3
A11: 850 | B11: 576.85 | C11: -90797.025 | D11: -90743.112 | E11: -36899.716 | F11: -212527.52 | G11: CUPRITE#1;FCC_A1#1 | H11: CUPRITE#1 | I11: -103941.94 | J11: -103941.94 | K11: -36899.716 | L11: -157312.57 | M11: CUO#1;CUPRITE#1 | N11: CUO#1 | O11: -350474.41 | P11: -350474.41 | Q11: -33041.63 | R11: -939536.76 | S11: CORUNDUM#1;FCC_A1#1 | T11: CORUNDUM#1 | U11: -319596.14 | V11: -319596.14 | W11: -36839.99 | X11: -1020048.8 | Y11: HALITE#1 | Z11: HALITE#1 | AA11: -321596.13 | AB11: -321366.86 | AC11: -23645.27 | AD11: -756487.34 | AE11: GAS#1;QUARTZ#1 | AF11: QUARTZ#1 | AG11: -335615.78 | AH11: -335372.5 | AI11: -35413.09 | AJ11: -786778.5 | AK11: GAS#1;RUTILE#1 | AL11: RUTILE#1 | AM11: -170489.53 | AN11: -166862.3 | AO11: -32838.631 | AP11: -431625.08 | AQ11: BCC_A2#1;HALITE#1 | AR11: HALITE#1 | AS11: -341675.16 | AT11: -341675.16 | AU11: -45016.344 | AV11: -1092012.2 | AW11: HALITE#1 | AX11: HALITE#1 | AY11: -388249.48 | AZ11: -387953.56 | BA11: -42740.921 | BB11: -937351.75 | BC11: GAS#1;ZRO2_MONO#1 | BD11: ZRO2_MONO#1 | BE11: -247438.19 | BF11: -247438.19 | BG11: -28680.813 | BH11: -601897.11 | BI11: CORUNDUM#1 | BJ11: CORUNDUM#1 | BK11: -226541.35 | BL11: -226541.34 | BM11: -37325.959 | BN11: -646857.71 | BO11: CBCC_A12#1;HALITE#1 | BP11: HALITE#1 | BQ11: -144808.69 | BR11: -144808.69 | BS11: -35237.984 | BT11: -324103.01 | BU11: FCC_A1#1;HALITE#1 | BV11: HALITE#1 | BW11: -150299.4 | BX11: -150299.38 | BY11: -34949.563 | BZ11: -346642.7 | CA11: FCC_A1#1;HALITE#1 | CB11: HALITE#1 | CF11: -146588.79 | CH11: SSUB3 | CM11: Error: Thermo-Calc calculation error: se.thermocalc.core.CalculationEngineException: ERROR IN QTHISS : TOO MANY ITERATIONS | CO11: -244508.83 | CP11: -244508.83 | CQ11: -35091.1 | CR11: -471896.07 | CS11: V2O5#1 | CT11: V2O5#1 | CU11: -387975.84 | CV11: -387975.84 | CW11: -57961.087 | CX11: -1031315.6 | CY11: M2O3A#1 | CZ11: NOT_FOUND | DD11: -1166577.3 | DF11: SSUB3
A12: 900 | B12: 626.85 | C12: -93621.574 | D12: -93567.906 | E12: -39969.026 | F12: -205254.88 | G12: CUPRITE#1;FCC_A1#1 | H12: CUPRITE#1 | I12: -106341.16 | J12: -106341.16 | K12: -39969.026 | L12: -148828.13 | M12: CUO#1 | N12: CUO#1 | O12: -352111.61 | P12: -352111.61 | Q12: -35933.493 | R12: -929195.59 | S12: CORUNDUM#1;FCC_A1#1 | T12: CORUNDUM#1 | U12: -321484.08 | V12: -321484.08 | W12: -39956.817 | X12: -1009424.2 | Y12: HALITE#1 | Z12: HALITE#1 | AA12: -323378.15 | AB12: -323153.07 | AC12: -25837.982 | AD12: -747698.01 | AE12: GAS#1;QUARTZ#1 | AF12: QUARTZ#1 | AG12: -337655.39 | AH12: -337416.04 | AI12: -38469.484 | AJ12: -777898.23 | AK12: GAS#1;RUTILE#1 | AL12: RUTILE#1 | AM12: -173243.82 | AN12: -169780.93 | AO12: -35866.058 | AP12: -424644.68 | AQ12: BCC_A2#1;HALITE#1 | AR12: HALITE#1 | AS12: -343942.05 | AT12: -343942.05 | AU12: -48738.202 | AV12: -1081693.3 | AW12: HALITE#1 | AX12: HALITE#1 | AY12: -390282.89 | AZ12: -389990.9 | BA12: -46235.727 | BB12: -928014.47 | BC12: GAS#1;ZRO2_MONO#1 | BD12: ZRO2_MONO#1 | BE12: -249513.9 | BF12: -249513.9 | BG12: -31279.018 | BH12: -593409.18 | BI12: CORUNDUM#1 | BJ12: CORUNDUM#1 | BK12: -229335.34 | BL12: -229335.32 | BM12: -40588.706 | BN12: -639565.47 | BO12: CBCC_A12#1;HALITE#1 | BP12: HALITE#1 | BQ12: -147195.37 | BR12: -147195.37 | BS12: -38351.651 | BT12: -315479.7 | BU12: FCC_A1#1;HALITE#1 | BV12: HALITE#1 | BW12: -153073.29 | BX12: -153073.25 | BY12: -38026.598 | BZ12: -339641.48 | CA12: FCC_A1#1;HALITE#1 | CB12: HALITE#1 | CF12: -149672.87 | CH12: SSUB3 | CM12: Error: Thermo-Calc calculation error: se.thermocalc.core.CalculationEngineException: ERROR IN QTHISS : TOO MANY ITERATIONS | CO12: -246618.02 | CP12: -246618.02 | CQ12: -38067.093 | CR12: -463478.32 | CS12: V2O5#1 | CT12: V2O5#1 | CU12: -390555.09 | CV12: -390555.09 | CW12: -62352.246 | CX12: -1022115.5 | CY12: M2O3A#1 | CZ12: NOT_FOUND | DD12: -1173501.8 | DF12: SSUB3
A13: 950 | B13: 676.85 | C13: -96519.916 | D13: -96466.496 | E13: -43116.531 | F13: -198016.71 | G13: CUPRITE#1;FCC_A1#1 | H13: CUPRITE#1 | I13: -108815.85 | J13: -108815.85 | K13: -43116.531 | L13: -140393.67 | M13: CUO#1 | N13: CUO#1 | O13: -353817 | P13: -353817 | Q13: -39104.945 | R13: -918613.4 | S13: CORUNDUM#1;IONIC_LIQ#1 | T13: CORUNDUM#1 | U13: -323441.73 | V13: -323441.73 | W13: -43410.934 | X13: -998308.4 | Y13: HALITE#1 | Z13: HALITE#1 | AA13: -325223.13 | AB13: -325002.22 | AC13: -28102.544 | AD13: -738930.17 | AE13: GAS#1;QUARTZ#1 | AF13: QUARTZ#1 | AG13: -339763.76 | AH13: -339528.32 | AI13: -41614.519 | AJ13: -769040.11 | AK13: GAS#1;RUTILE#1 | AL13: RUTILE#1 | AM13: -176134.94 | AN13: -172779.54 | AO13: -39018.543 | AP13: -417865.99 | AQ13: BCC_A2#1;HALITE#1 | AR13: HALITE#1 | AS13: -346282.44 | AT13: -346282.44 | AU13: -52562.056 | AV13: -1071369 | AW13: HALITE#1 | AX13: HALITE#1 | AY13: -392385.27 | AZ13: -392097.21 | BA13: -49819.329 | BB13: -918699.83 | BC13: GAS#1;ZRO2_MONO#1 | BD13: ZRO2_MONO#1 | BE13: -251659.46 | BF13: -251659.46 | BG13: -33961.517 | BH13: -584946.17 | BI13: CORUNDUM#1 | BJ13: CORUNDUM#1 | BK13: -232203.31 | BL13: -232203.28 | BM13: -43952.9 | BN13: -632270.78 | BO13: CBCC_A12#1;HALITE#1 | BP13: HALITE#1 | BQ13: -149659.72 | BR13: -149659.71 | BS13: -41552.428 | BT13: -306897.35 | BU13: FCC_A1#1;HALITE#1 | BV13: HALITE#1 | BW13: -155925.7 | BX13: -155925.63 | BY13: -41199.827 | BZ13: -332666.48 | CA13: FCC_A1#1;HALITE#1 | CB13: HALITE#1 | CF13: -152835.53 | CH13: SSUB3 | CM13: Error: Thermo-Calc calculation error: se.thermocalc.core.CalculationEngineException: ERROR IN QTHISS : TOO MANY ITERATIONS | CO13: -248798.56 | CP13: -248798.56 | CQ13: -41123.932 | CR13: -455100.16 | CS13: V2O5#1 | CT13: V2O5#1 | CU13: -393207.53 | CV13: -393207.53 | CW13: -66831.293 | CX13: -1012946.7 | CY13: M2O3A#1 | CZ13: NOT_FOUND | DD13: -1180642.5 | DF13: SSUB3
A14: 1000 | B14: 726.85 | C14: -99488.945 | D14: -99435.778 | E14: -46338.663 | F14: -190812.97 | G14: CUPRITE#1;FCC_A1#1 | H14: CUPRITE#1 | I14: -111362.61 | J14: -111362.61 | K14: -46338.663 | L14: -132007.08 | M14: CUO#1 | N14: CUO#1 | O14: -355587.55 | P14: -355587.55 | Q14: -42746.623 | R14: -907530.28 | S14: CORUNDUM#1;IONIC_LIQ#1 | T14: CORUNDUM#1 | U14: -325465.87 | V14: -325465.87 | W14: -47165.929 | X14: -986765.59 | Y14: HALITE#1 | Z14: HALITE#1 | AA14: -327128.16 | AB14: -326911.42 | AC14: -30435.798 | AD14: -730182.65 | AE14: GAS#1;QUARTZ#1 | AF14: QUARTZ#1 | AG14: -341937.58 | AH14: -341706.02 | AI14: -44844.768 | AJ14: -760201.92 | AK14: GAS#1;RUTILE#1 | AL14: RUTILE#1 | AM14: -179139.45 | AN14: -175854.73 | AO14: -42300.079 | AP14: -411191.6 | AQ14: BCC_A2#1;HALITE#1 | AR14: HALITE#1 | AS14: -348692.78 | AT14: -348692.78 | AU14: -56486.447 | AV14: -1061032.2 | AW14: HALITE#1 | AX14: HALITE#1 | AY14: -394553.49 | AZ14: -394269.32 | BA14: -53488.225 | BB14: -909406.2 | BC14: GAS#1;ZRO2_MONO#1 | BD14: ZRO2_MONO#1 | BE14: -253871.94 | BF14: -253871.94 | BG14: -36725.623 | BH14: -576506.25 | BI14: CORUNDUM#1 | BJ14: CORUNDUM#1 | BK14: -235141.96 | BL14: -235141.9 | BM14: -47460.844 | BN14: -624880.11 | BO14: CUB_A13#1;HALITE#1 | BP14: HALITE#1 | BQ14: -152198.32 | BR14: -152198.32 | BS14: -44836.689 | BT14: -298353.86 | BU14: FCC_A1#1;HALITE#1 | BV14: HALITE#1 | BW14: -158853.26 | BX14: -158853.12 | BY14: -44467.203 | BZ14: -325712.61 | CA14: FCC_A1#1;HALITE#1 | CB14: HALITE#1 | CF14: -156073.56 | CH14: SSUB3 | CM14: Error: Thermo-Calc calculation error: se.thermocalc.core.CalculationEngineException: ERROR IN QTHISS : TOO MANY ITERATIONS | CO14: -251501.55 | CP14: -251501.55 | CQ14: -44258.335 | CR14: -448031.63 | CS14: GAS#1;IONIC_LIQ#2 | CT14: NOT_FOUND | CU14: -395929.85 | CV14: -395929.85 | CW14: -71395.433 | CX14: -1003806.2 | CY14: M2O3A#1 | CZ14: NOT_FOUND | DD14: -1187989.4 | DF14: SSUB3
A15: 1050 | B15: 776.85 | C15: -102525.85 | D15: -102472.95 | E15: -49632.202 | F15: -183643.67 | G15: CUPRITE#1;FCC_A1#1 | H15: CUPRITE#1 | I15: -113978.39 | J15: -113978.39 | K15: -49632.202 | L15: -123666.49 | M15: CUO#1;CUPRITE#1 | N15: CUO#1 | O15: -357420.51 | P15: -357420.51 | Q15: -46467.706 | R15: -896462.12 | S15: CORUNDUM#1;IONIC_LIQ#1 | T15: CORUNDUM#1 | U15: -327553.58 | V15: -327553.58 | W15: -51006.727 | X15: -975218.2 | Y15: HALITE#1 | Z15: HALITE#1 | AA15: -329090.67 | AB15: -328878.07 | AC15: -32834.887 | AD15: -721454.48 | AE15: GAS#1;QUARTZ#1 | AF15: QUARTZ#1 | AG15: -344173.81 | AH15: -343946.12 | AI15: -48157.177 | AJ15: -751381.59 | AK15: GAS#1;RUTILE#1 | AL15: RUTILE#1 | AM15: -182243.8 | AN15: -179003.56 | AO15: -45717.276 | AP15: -404558 | AQ15: BCC_A2#1;HALITE#1 | AR15: HALITE#1 | AS15: -351169.84 | AT15: -351169.84 | AU15: -60510.109 | AV15: -1050676.5 | AW15: HALITE#1 | AX15: HALITE#1 | AY15: -396784.68 | AZ15: -396504.38 | BA15: -57239.261 | BB15: -900132.12 | BC15: GAS#1;ZRO2_MONO#1 | BD15: ZRO2_MONO#1 | BE15: -256147.47 | BF15: -256147.47 | BG15: -39569.016 | BH15: -568083.57 | BI15: CORUNDUM#1 | BJ15: CORUNDUM#1 | BK15: -238148.29 | BL15: -238148.18 | BM15: -51129.497 | BN15: -617351.53 | BO15: CUB_A13#1;HALITE#1 | BP15: HALITE#1 | BQ15: -154807.04 | BR15: -154807.02 | BS15: -48201.264 | BT15: -289842.96 | BU15: FCC_A1#1;HALITE#1 | BV15: HALITE#1 | BW15: -161852.94 | BX15: -161852.67 | BY15: -47827.182 | BZ15: -318774.75 | CA15: FCC_A1#1;HALITE#1 | CB15: HALITE#1 | CF15: -159384.04 | CH15: SSUB3 | CM15: Error: Thermo-Calc calculation error: se.thermocalc.core.CalculationEngineException: ERROR IN QTHISS : TOO MANY ITERATIONS | CO15: -254308.41 | CP15: -254308.41 | CQ15: -47467.399 | CR15: -441106.98 | CS15: GAS#1;IONIC_LIQ#2 | CT15: NOT_FOUND | CU15: -398719.07 | CV15: -398719.07 | CW15: -76042.189 | CX15: -994691.33 | CY15: M2O3A#1 | CZ15: NOT_FOUND | DD15: -1195533.7 | DF15: SSUB3
A16: 1100 | B16: 826.85 | C16: -105628.1 | D16: -105575.45 | E16: -52994.231 | F16: -176508.8 | G16: CUPRITE#1;FCC_A1#1 | H16: CUPRITE#1 | I16: -116660.38 | J16: -116660.38 | K16: -52994.231 | L16: -115370.2 | M16: CUO#1;CUPRITE#1 | N16: CUO#1 | O16: -359313.38 | P16: -359313.38 | Q16: -50264.411 | R16: -885409.17 | S16: CORUNDUM#1;IONIC_LIQ#1 | T16: CORUNDUM#1 | U16: -329702.17 | V16: -329702.17 | W16: -54929.24 | X16: -963667.32 | Y16: HALITE#1 | Z16: HALITE#1 | AA16: -331108.31 | AB16: -330899.84 | AC16: -35297.212 | AD16: -712744.85 | AE16: GAS#1;QUARTZ#1 | AF16: QUARTZ#1 | AG16: -346469.69 | AH16: -346245.85 | AI16: -51548.982 | AJ16: -742577.21 | AK16: GAS#1;RUTILE#1 | AL16: RUTILE#1 | AM16: -185435.68 | AN16: -182223.04 | AO16: -49259.957 | AP16: -397939.93 | AQ16: BCC_A2#1;HALITE#1 | AR16: HALITE#1 | AS16: -353710.7 | AT16: -353710.7 | AU16: -64631.938 | AV16: -1040296.1 | AW16: HALITE#1 | AX16: HALITE#1 | AY16: -399076.23 | AZ16: -398799.8 | BA16: -61069.582 | BB16: -890876.24 | BC16: GAS#1;ZRO2_MONO#1 | BD16: ZRO2_MONO#1 | BE16: -258483.74 | BF16: -258483.74 | BG16: -42489.69 | BH16: -559676.66 | BI16: CORUNDUM#1 | BJ16: CORUNDUM#1 | BK16: -241219.62 | BL16: -241219.4 | BM16: -54886.266 | BN16: -609823.06 | BO16: CUB_A13#1;HALITE#1 | BP16: HALITE#1 | BQ16: -157483.09 | BR16: -157483.07 | BS16: -51643.32 | BT16: -281362.85 | BU16: FCC_A1#1;HALITE#1 | BV16: HALITE#1 | BW16: -164921.99 | BX16: -164921.5 | BY16: -51278.7 | BZ16: -311847.7 | CA16: FCC_A1#1;HALITE#1 | CB16: HALITE#1 | CF16: -162764.34 | CH16: SSUB3 | CM16: Error: Thermo-Calc calculation error: se.thermocalc.core.CalculationEngineException: ERROR IN QTHISS : TOO MANY ITERATIONS | CO16: -257185.41 | CP16: -257185.41 | CQ16: -50748.548 | CR16: -434237.44 | CS16: GAS#1;IONIC_LIQ#2 | CT16: NOT_FOUND | CU16: -401572.5 | CV16: -401572.5 | CW16: -80769.361 | CX16: -985599.63 | CY16: M2O3A#1 | CZ16: NOT_FOUND | DD16: -1203267.4 | DF16: SSUB3
A17: 1150 | B17: 876.85 | C17: -108793.36 | D17: -108740.97 | E17: -56422.1 | F17: -169408.36 | G17: CUPRITE#1;FCC_A1#1 | H17: CUPRITE#1 | I17: -119406.06 | J17: -119406.06 | K17: -56422.1 | L17: -107116.65 | M17: CUO#1 | N17: CUO#1 | O17: -361263.81 | P17: -361263.81 | Q17: -54133.301 | R17: -874371.59 | S17: CORUNDUM#1;IONIC_LIQ#1 | T17: CORUNDUM#1 | U17: -331909.21 | V17: -331909.21 | W17: -58929.751 | X17: -952113.96 | Y17: HALITE#1 | Z17: HALITE#1 | AA17: -333183.47 | AB17: -332979.11 | AC17: -37820.404 | AD17: -704066.62 | AE17: GAS#1;TRIDYMITE#1 | AF17: TRIDYMITE#1 | AG17: -348822.69 | AH17: -348602.67 | AI17: -55017.677 | AJ17: -733787 | AK17: GAS#1;RUTILE#1 | AL17: RUTILE#1 | AM17: -188704.45 | AN17: -185510.19 | AO17: -52906.819 | AP17: -391340.79 | AQ17: BCC_A2#1;HALITE#1 | AR17: HALITE#1 | AS17: -356312.68 | AT17: -356312.68 | AU17: -69118.745 | AV17: -1029349.8 | AW17: HALITE#1 | AX17: HALITE#1 | AY17: -401425.78 | AZ17: -401153.19 | BA17: -65014.949 | BB17: -881599.01 | BC17: GAS#1;ZRO2_MONO#1 | BD17: ZRO2_MONO#1 | BE17: -260878.23 | BF17: -260878.23 | BG17: -45485.921 | BH17: -551282.83 | BI17: CORUNDUM#1 | BJ17: CORUNDUM#1 | BK17: -244353.47 | BL17: -244353.1 | BM17: -58728.496 | BN17: -602293.5 | BO17: CUB_A13#1;HALITE#1 | BP17: HALITE#1 | BQ17: -160223.71 | BR17: -160223.65 | BS17: -55160.249 | BT17: -272910.96 | BU17: FCC_A1#1;HALITE#1 | BV17: HALITE#1 | BW17: -168057.94 | BX17: -168057.11 | BY17: -54821.19 | BZ17: -304926.01 | CA17: FCC_A1#1;HALITE#1 | CB17: HALITE#1 | CF17: -166212.08 | CH17: SSUB3 | CM17: Error: Thermo-Calc calculation error: se.thermocalc.core.CalculationEngineException: ERROR IN QTHISS : TOO MANY ITERATIONS | CO17: -260131.79 | CP17: -260131.79 | CQ17: -54099.485 | CR17: -427426.04 | CS17: GAS#1;IONIC_LIQ#2 | CT17: NOT_FOUND | CU17: -404487.67 | CV17: -404487.67 | CW17: -85614.806 | CX17: -976475.79 | CY17: M2O3A#1 | CZ17: NOT_FOUND | DD17: -1211183.1 | DF17: SSUB3
A18: 1200 | B18: 926.85 | C18: -112019.5 | D18: -111967.38 | E18: -59913.4 | F18: -162342.3 | G18: CUPRITE#1;FCC_A1#1 | H18: CUPRITE#1 | I18: -122213.07 | J18: -122213.07 | K18: -59913.4 | L18: -98904.408 | M18: CUO#1;CUPRITE#1 | N18: CUO#1 | O18: -363269.68 | P18: -363269.68 | Q18: -58071.238 | R18: -863349.52 | S18: CORUNDUM#1;IONIC_LIQ#1 | T18: CORUNDUM#1 | U18: -334172.45 | V18: -334172.45 | W18: -63004.867 | X18: -940559 | Y18: HALITE#1 | Z18: HALITE#1 | AA18: -335337.34 | AB18: -335137.07 | AC18: -40402.294 | AD18: -695488.65 | AE18: GAS#1;TRIDYMITE#1 | AF18: TRIDYMITE#1 | AG18: -351230.46 | AH18: -351014.24 | AI18: -58718.074 | AJ18: -724852.24 | AK18: GAS#1;RUTILE#1 | AL18: RUTILE#1 | AM18: -192046.06 | AN18: -188862.82 | AO18: -56659.207 | AP18: -384744.77 | AQ18: FCC_A1#1;HALITE#1 | AR18: HALITE#1 | AS18: -358973.31 | AT18: -358973.31 | AU18: -73793.415 | AV18: -1018185.3 | AW18: HALITE#1 | AX18: HALITE#1 | AY18: -403831.14 | AZ18: -403562.37 | BA18: -69166.653 | BB18: -872205.68 | BC18: GAS#1;ZRO2_MONO#1 | BD18: ZRO2_MONO#1 | BE18: -263328.68 | BF18: -263328.68 | BG18: -48556.223 | BH18: -542899.56 | BI18: CORUNDUM#1 | BJ18: CORUNDUM#1 | BK18: -247547.61 | BL18: -247547.02 | BM18: -62653.759 | BN18: -594761.83 | BO18: CUB_A13#1;HALITE#1 | BP18: HALITE#1 | BQ18: -163026.39 | BR18: -163026.28 | BS18: -58749.757 | BT18: -264484.96 | BU18: FCC_A1#1;HALITE#1 | BV18: HALITE#1 | BW18: -171258.54 | BX18: -171257.19 | BY18: -58454.606 | BZ18: -298003.87 | CA18: FCC_A1#1;HALITE#1 | CB18: HALITE#1 | CF18: -170142.41 | CH18: SSUB3 | CM18: Error: Thermo-Calc calculation error: se.thermocalc.core.CalculationEngineException: ERROR IN QTHISS : TOO MANY ITERATIONS | CO18: -263147.45 | CP18: -263147.45 | CQ18: -57518.159 | CR18: -420677.25 | CS18: GAS#1;IONIC_LIQ#2 | CT18: NOT_FOUND | CU18: -407462.36 | CV18: -407462.36 | CW18: -90680.115 | CX18: -967179.95 | CY18: M2O3A#1 | CZ18: NOT_FOUND | DD18: -1219274.1 | DF18: SSUB3
A19: 1250 | B19: 976.85 | C19: -115304.57 | D19: -115252.72 | E19: -63465.945 | F19: -155310.51 | G19: CUPRITE#1;FCC_A1#1 | H19: CUPRITE#1 | I19: -125079.29 | J19: -125079.29 | K19: -63465.945 | L19: -90732.113 | M19: CUO#1 | N19: CUO#1 | O19: -365328.99 | P19: -365328.99 | Q19: -62075.348 | R19: -852343.03 | S19: CORUNDUM#1;IONIC_LIQ#1 | T19: CORUNDUM#1 | U19: -336489.83 | V19: -336489.83 | W19: -67151.478 | X19: -929003.24 | Y19: HALITE#1 | Z19: HALITE#1 | AA19: -337539.87 | AB19: -337343.66 | AC19: -43040.882 | AD19: -686925.6 | AE19: GAS#1;TRIDYMITE#1 | AF19: TRIDYMITE#1 | AG19: -353690.88 | AH19: -353478.4 | AI19: -62499.112 | AJ19: -715920.39 | AK19: GAS#1;RUTILE#1 | AL19: RUTILE#1 | AM19: -195456.88 | AN19: -192278.87 | AO19: -60516.645 | AP19: -378141.1 | AQ19: FCC_A1#1;HALITE#1 | AR19: HALITE#1 | AS19: -361690.36 | AT19: -361690.36 | AU19: -78541.019 | AV19: -1007026.2 | AW19: HALITE#1 | AX19: HALITE#1 | AY19: -406290.3 | AZ19: -406025.34 | BA19: -73376.811 | BB19: -862840.96 | BC19: GAS#1;ZRO2_MONO#1 | BD19: ZRO2_MONO#1 | BE19: -265832.99 | BF19: -265832.99 | BG19: -51699.324 | BH19: -534524.4 | BI19: CORUNDUM#1 | BJ19: CORUNDUM#1 | BK19: -250799.99 | BL19: -250799.07 | BM19: -66659.826 | BN19: -587227.17 | BO19: CUB_A13#1;HALITE#1 | BP19: HALITE#1 | BQ19: -165888.88 | BR19: -165888.67 | BS19: -62409.767 | BT19: -256082.85 | BU19: FCC_A1#1;HALITE#1 | BV19: HALITE#1 | BW19: -174521.75 | BX19: -174519.64 | BY19: -62179.505 | BZ19: -291074.87 | CA19: FCC_A1#1;HALITE#1 | CB19: HALITE#1 | CF19: -174280.97 | CH19: SSUB3 | CM19: Error: Thermo-Calc calculation error: se.thermocalc.core.CalculationEngineException: ERROR IN QTHISS : TOO MANY ITERATIONS | CO19: -266232.93 | CP19: -266232.93 | CQ19: -61002.731 | CR19: -413996.89 | CS19: GAS#1;IONIC_LIQ#2 | CT19: NOT_FOUND | CU19: -410494.48 | CV19: -410494.48 | CW19: -96042.616 | CX19: -957604.98 | CY19: M2O3A#1 | CZ19: NOT_FOUND | DD19: -1227534.3 | DF19: SSUB3
A20: 1300 | B20: 1026.85 | C20: -118646.78 | D20: -118595.19 | E20: -67077.645 | F20: -148313.18 | G20: CUPRITE#1;FCC_A1#1 | H20: CUPRITE#1 | I20: -128002.72 | J20: -128002.72 | K20: -67077.645 | L20: -82598.67 | M20: CUO#1;CUPRITE#1 | N20: CUO#1 | O20: -367439.91 | P20: -367439.91 | Q20: -66142.986 | R20: -841352.15 | S20: CORUNDUM#1;IONIC_LIQ#1 | T20: CORUNDUM#1 | U20: -338859.44 | V20: -338859.44 | W20: -71366.723 | X20: -917447.41 | Y20: HALITE#1 | Z20: HALITE#1 | AA20: -339789.22 | AB20: -339597.06 | AC20: -45734.326 | AD20: -678376.44 | AE20: GAS#1;TRIDYMITE#1 | AF20: TRIDYMITE#1 | AG20: -356201.95 | AH20: -355993.16 | AI20: -66339.814 | AJ20: -707009.14 | AK20: GAS#1;RUTILE#1 | AL20: RUTILE#1 | AM20: -198928.71 | AN20: -195755.61 | AO20: -64443.132 | AP20: -371571.65 | AQ20: FCC_A1#1;HALITE#1 | AR20: HALITE#1 | AS20: -364461.72 | AT20: -364461.72 | AU20: -83358.639 | AV20: -995872.69 | AW20: HALITE#1 | AX20: HALITE#1 | AY20: -408801.42 | AZ20: -408540.24 | BA20: -77643.584 | BB20: -853503.76 | BC20: GAS#1;ZRO2_MONO#1 | BD20: ZRO2_MONO#1 | BE20: -268389.24 | BF20: -268389.24 | BG20: -54914.144 | BH20: -526155.03 | BI20: CORUNDUM#1 | BJ20: CORUNDUM#1 | BK20: -254108.74 | BL20: -254107.35 | BM20: -70744.647 | BN20: -579688.76 | BO20: CUB_A13#1;HALITE#1 | BP20: HALITE#1 | BQ20: -168809.16 | BR20: -168808.78 | BS20: -66138.381 | BT20: -247702.96 | BU20: FCC_A1#1;HALITE#1 | BV20: HALITE#1 | BW20: -177845.73 | BX20: -177842.54 | BY20: -65997.158 | BZ20: -284131.71 | CA20: FCC_A1#1;HALITE#1 | CB20: HALITE#1 | CF20: -178484.55 | CH20: SSUB3 | CM20: Error: Thermo-Calc calculation error: se.thermocalc.core.CalculationEngineException: ERROR IN QTHISS : TOO MANY ITERATIONS | CO20: -269389.26 | CP20: -269389.26 | CQ20: -64551.552 | CR20: -407391.77 | CS20: GAS#1;IONIC_LIQ#2 | CT20: NOT_FOUND | CU20: -413582.15 | CV20: -413582.15 | CW20: -101473.75 | CX20: -948051.94 | CY20: M2O3A#1 | CZ20: NOT_FOUND | DD20: -1235957.8 | DF20: SSUB3
A21: 1350 | B21: 1076.85 | C21: -122044.45 | D21: -121993.26 | E21: -70746.384 | F21: -141351.24 | G21: CUPRITE#1;IONIC_LIQ#1 | H21: CUPRITE#1 | I21: -130981.53 | J21: -130981.53 | K21: -70746.384 | L21: -74503.437 | M21: CUO#1 | N21: CUO#1 | O21: -369600.73 | P21: -369600.73 | Q21: -70271.712 | R21: -830376.89 | S21: CORUNDUM#1;IONIC_LIQ#1 | T21: CORUNDUM#1 | U21: -341279.5 | V21: -341279.5 | W21: -75647.964 | X21: -905892.16 | Y21: HALITE#1 | Z21: HALITE#1 | AA21: -342083.72 | AB21: -341895.6 | AC21: -48480.924 | AD21: -669840.29 | AE21: GAS#1;TRIDYMITE#1 | AF21: TRIDYMITE#1 | AG21: -358761.86 | AH21: -358556.67 | AI21: -70238.521 | AJ21: -698117.12 | AK21: GAS#1;RUTILE#1 | AL21: RUTILE#1 | AM21: -202459.65 | AN21: -199291.27 | AO21: -68436.841 | AP21: -365035 | AQ21: FCC_A1#1;HALITE#1 | AR21: HALITE#1 | AS21: -367285.47 | AT21: -367285.47 | AU21: -88243.581 | AV21: -984724.79 | AW21: HALITE#1 | AX21: HALITE#1 | AY21: -411362.77 | AZ21: -411105.37 | BA21: -81965.306 | BB21: -844193.07 | BC21: GAS#1;ZRO2_MONO#1 | BD21: ZRO2_MONO#1 | BE21: -270995.64 | BF21: -270995.64 | BG21: -58199.769 | BH21: -517789.17 | BI21: CORUNDUM#1 | BJ21: CORUNDUM#1 | BK21: -257472.13 | BL21: -257470.1 | BM21: -74906.327 | BN21: -572145.93 | BO21: CUB_A13#1;HALITE#1 | BP21: HALITE#1 | BQ21: -171785.39 | BR21: -171784.75 | BS21: -69933.857 | BT21: -239343.92 | BU21: FCC_A1#1;HALITE#1 | BV21: HALITE#1 | BW21: -181228.8 | BX21: -181224.11 | BY21: -69909.737 | BZ21: -277165.78 | CA21: FCC_A1#1;HALITE#1 | CB21: HALITE#1 | CF21: -182750.65 | CH21: SSUB3 | CM21: Error: Thermo-Calc calculation error: se.thermocalc.core.CalculationEngineException: ERROR IN QTHISS : TOO MANY ITERATIONS | CO21: -272617.81 | CP21: -272617.81 | CQ21: -68163.138 | CR21: -400869.41 | CS21: GAS#1;IONIC_LIQ#2 | CT21: NOT_FOUND | CU21: -416723.62 | CV21: -416723.62 | CW21: -106970.88 | CX21: -938520.95 | CY21: GAS#1;M2O3A#1 | CZ21: NOT_FOUND | DD21: -1244539.5 | DF21: SSUB3
... A26: 1600 | B26: 1326.85 | C26: -141205.62 | D26: -141205.62 | E26: -92279.926 | F26: -105855.04 | G26: IONIC_LIQ#2 | H26: NOT_FOUND | I26: -153591.69 | J26: -153591.69 | K26: -92279.926 | L26: -57547.943 | M26: GAS#1;IONIC_LIQ#2 | N26: NOT_FOUND | O26: -381100.91 | P26: -381100.91 | Q26: -91757.967 | R26: -775733.45 | S26: CORUNDUM#1;IONIC_LIQ#1 | T26: CORUNDUM#1 | U26: -354082.75 | V26: -354082.75 | W26: -116616.27 | X26: -810839.51 | Y26: HALITE#1 | Z26: HALITE#1 | AA26: -354184.45 | AB26: -354016.39 | AC26: -62959.645 | AD26: -627334.74 | AE26: GAS#1;TRIDYMITE#1 | AF26: TRIDYMITE#1 | AG26: -372239.55 | AH26: -372049.24 | AI26: -90557.274 | AJ26: -653902.41 | AK26: GAS#1;RUTILE#1 | AL26: RUTILE#1 | AM26: -220945.2 | AN26: -217799.66 | AO26: -89358.603 | AP26: -332804.62 | AQ26: FCC_A1#1;HALITE#1 | AR26: HALITE#1 | AS26: -382131.51 | AT26: -382131.51 | AU26: -113596.67 | AV26: -929073.76 | AW26: HALITE#1 | AX26: HALITE#1 | AY26: -425181.62 | AZ26: -424942.56 | BA26: -104350 | BB26: -798935.89 | BC26: GAS#1;ZRO2_TETR#1 | BD26: ZRO2_TETR#1 | BE26: -284725.99 | BF26: -284725.99 | BG26: -75667.841 | BH26: -475937.22 | BI26: CORUNDUM#1 | BJ26: CORUNDUM#1 | BK26: -275057.28 | BL26: -275047.69 | BM26: -98187.292 | BN26: -531595.58 | BO26: HALITE#1;IONIC_LIQ#1 | BP26: HALITE#1 | BQ26: -187453.9 | BR26: -187448.24 | BS26: -89861.866 | BT26: -197832.9 | BU26: FCC_A1#1;HALITE#1 | BV26: HALITE#1 | BW26: -198981.65 | BX26: -198959.34 | BY26: -90723.717 | BZ26: -242220.23 | CA26: FCC_A1#1;HALITE#1 | CB26: HALITE#1 | CF26: -204943.23 | CH26: SSUB3 | CM26: Error: Thermo-Calc calculation error: se.thermocalc.core.CalculationEngineException: ERROR IN QTHISS : TOO MANY ITERATIONS | CO26: -289894.39 | CP26: -289894.39 | CQ26: -87120.118 | CR26: -369749.26 | CS26: GAS#1;IONIC_LIQ#2 | CT26: NOT_FOUND | CU26: -433184.4 | CV26: -433184.4 | CW26: -135366.57 | CX26: -891200.29 | CY26: M2O3A#1 | CZ26: NOT_FOUND | DD26: -1289659.6 | DF26: SSUB3
A27: 1650 | B27: 1376.85 | C27: -145604.01 | D27: -145604.01 | E27: -96755.148 | F27: -101299.01 | G27: IONIC_LIQ#2 | H27: NOT_FOUND | I27: -158394.46 | J27: -158394.46 | K27: -96755.148 | L27: -54763.087 | M27: GAS#1;IONIC_LIQ#2 | N27: NOT_FOUND | O27: -383530.91 | P27: -383530.91 | Q27: -96210.925 | R27: -764850.66 | S27: CORUNDUM#1;IONIC_LIQ#1 | T27: CORUNDUM#1 | U27: -356774.55 | V27: -356774.55 | W27: -125573.74 | X27: -790646.27 | Y27: HALITE#1 | Z27: HALITE#1 | AA27: -356722.21 | AB27: -356558.14 | AC27: -65995.559 | AD27: -618866.63 | AE27: GAS#1;TRIDYMITE#1 | AF27: TRIDYMITE#1 | AG27: -375061.6 | AH27: -374873.01 | AI27: -94779.18 | AJ27: -645101.18 | AK27: GAS#1;RUTILE#1 | AL27: RUTILE#1 | AM27: -221712.45 | AN27: -221712.45 | AO27: -93724.053 | AP27: -314097.25 | AQ27: FCC_A1#1;IONIC_LIQ#2 | AR27: NOT_FOUND | AS27: -385235.95 | AT27: -385235.95 | AU27: -118838.8 | AV27: -917961.74 | AW27: HALITE#1 | AX27: HALITE#1 | AY27: -428081.1 | AZ27: -427845.67 | BA27: -108974.24 | BB27: -789964.61 | BC27: GAS#1;ZRO2_TETR#1 | BD27: ZRO2_TETR#1 | BE27: -287602.32 | BF27: -287602.32 | BG27: -79366.43 | BH27: -467548.04 | BI27: BCC_A2#1;CORUNDUM#1 | BJ27: CORUNDUM#1 | BK27: -278719.18 | BL27: -278706.77 | BM27: -103379.45 | BN27: -522813.36 | BO27: HALITE#1;IONIC_LIQ#1 | BP27: HALITE#1 | BQ27: -190736.76 | BR27: -190728.73 | BS27: -94028.544 | BT27: -189585.49 | BU27: FCC_A1#1;HALITE#1 | BV27: HALITE#1 | BW27: -202691.69 | BX27: -202662.86 | BY27: -95086.305 | BZ27: -235289.68 | CA27: FCC_A1#1;HALITE#1 | CB27: HALITE#1 | CF27: -209541.01 | CH27: SSUB3 | CI27: -307613.07 | CJ27: -307613.07 | CK27: -38217.795 | CL27: -589115.39 | CM27: GAS#1;IONIC_LIQ#1 | CN27: NOT_FOUND | CO27: -293582.86 | CP27: -293582.86 | CQ27: -91084.411 | CR27: -363860.03 | CS27: GAS#1;IONIC_LIQ#2 | CT27: NOT_FOUND | CU27: -436617.92 | CV27: -436617.92 | CW27: -141213.84 | CX27: -881803.5 | CY27: M2O3A#1 | CZ27: NOT_FOUND | DD27: -1299098 | DF27: SSUB3
A28: 1700 | B28: 1426.85 | C28: -150038.76 | D28: -150038.76 | E28: -101277.92 | F28: -96714.843 | G28: IONIC_LIQ#2 | H28: NOT_FOUND | I28: -163237.73 | J28: -163237.73 | K28: -101277.92 | L28: -51989.006 | M28: GAS#1;IONIC_LIQ#2 | N28: NOT_FOUND | O28: -386001.47 | P28: -386001.47 | Q28: -100712 | R28: -753982.84 | S28: CORUNDUM#1;IONIC_LIQ#1 | T28: CORUNDUM#1 | U28: -359507.3 | V28: -359507.3 | W28: -134562.73 | X28: -770497.68 | Y28: HALITE#1 | Z28: HALITE#1 | AA28: -359297.01 | AB28: -359136.92 | AC28: -69462.567 | AD28: -610022.41 | AE28: GAS#1;TRIDYMITE#1 | AF28: TRIDYMITE#1 | AG28: -377923.34 | AH28: -377735.74 | AI28: -99052.061 | AJ28: -636311.9 | AK28: GAS#1;RUTILE#1 | AL28: RUTILE#1 | AM28: -226127.74 | AN28: -226127.74 | AO28: -98164.88 | AP28: -309775.15 | AQ28: BCC_A2#1;IONIC_LIQ#2 | AR28: NOT_FOUND | AS28: -388382.46 | AT28: -388382.46 | AU28: -124133.96 | AV28: -906855.87 | AW28: HALITE#1 | AX28: HALITE#1 | AY28: -431021.65 | AZ28: -430789.83 | BA28: -113645.4 | BB28: -781013.48 | BC28: GAS#1;ZRO2_TETR#1 | BD28: ZRO2_TETR#1 | BE28: -290519.33 | BF28: -290519.33 | BG28: -83132.725 | BH28: -459148.06 | BI28: BCC_A2#1;CORUNDUM#1 | BJ28: CORUNDUM#1 | BK28: -282426.83 | BL28: -282411.05 | BM28: -108644.34 | BN28: -514012.58 | BO28: HALITE#1;IONIC_LIQ#1 | BP28: HALITE#1 | BQ28: -194067.19 | BR28: -194056.04 | BS28: -98252.949 | BT28: -181356.81 | BU28: FCC_A1#1;HALITE#1 | BV28: HALITE#1 | BW28: -206452.68 | BX28: -206415.99 | BY28: -99508.676 | BZ28: -228387.3 | CA28: FCC_A1#1;HALITE#1 | CB28: HALITE#1 | CF28: -214188.04 | CH28: SSUB3 | CI28: -310341.33 | CJ28: -310341.33 | CK28: -40358.751 | CL28: -582253.36 | CM28: GAS#1;IONIC_LIQ#1 | CN28: NOT_FOUND | CO28: -297348.98 | CP28: -297348.98 | CQ28: -95104.467 | CR28: -358087.51 | CS28: GAS#1;IONIC_LIQ#2 | CT28: NOT_FOUND | CU28: -440095.82 | CV28: -440095.82 | CW28: -147113.09 | CX28: -872429.2 | CY28: M2O3A#1 | CZ28: NOT_FOUND | DD28: -1308666.4 | DF28: SSUB3
A29: 1750 | B29: 1476.85 | C29: -154508.99 | D29: -154508.99 | E29: -105846.84 | F29: -92104.228 | G29: IONIC_LIQ#2 | H29: NOT_FOUND | I29: -168120.78 | J29: -168120.78 | K29: -105846.84 | L29: -49227.068 | M29: GAS#1;IONIC_LIQ#2 | N29: NOT_FOUND | O29: -388511.54 | P29: -388511.54 | Q29: -105259.77 | R29: -743129.74 | S29: CORUNDUM#1;IONIC_LIQ#1 | T29: CORUNDUM#1 | U29: -362279.95 | V29: -362279.95 | W29: -143582.31 | X29: -750392.82 | Y29: HALITE#1 | Z29: HALITE#1 | AA29: -361908.59 | AB29: -361752.46 | AC29: -74071.274 | AD29: -600092.13 | AE29: CRISTOBALITE#1;GAS#1 | AF29: CRISTOBALITE#1 | AG29: -380823.91 | AH29: -380636.37 | AI29: -103375.36 | AJ29: -627534.01 | AK29: GAS#1;RUTILE#1 | AL29: RUTILE#1 | AM29: -230601.46 | AN29: -230601.46 | AO29: -102672.74 | AP29: -305497.98 | AQ29: BCC_A2#1;IONIC_LIQ#2 | AR29: NOT_FOUND | AS29: -391569.93 | AT29: -391569.93 | AU29: -129480.6 | AV29: -895756.13 | AW29: HALITE#1 | AX29: HALITE#1 | AY29: -434002.25 | AZ29: -433774.03 | BA29: -118362.76 | BB29: -772081.62 | BC29: GAS#1;ZRO2_TETR#1 | BD29: ZRO2_TETR#1 | BE29: -293475.96 | BF29: -293475.96 | BG29: -86966.648 | BH29: -450735.31 | BI29: BCC_A2#1;CORUNDUM#1 | BJ29: CORUNDUM#1 | BK29: -286179.29 | BL29: -286159.51 | BM29: -113979.82 | BN29: -505195.16 | BO29: HALITE#1;IONIC_LIQ#1 | BP29: HALITE#1 | BQ29: -197444.65 | BR29: -197429.39 | BS29: -102757.07 | BT29: -172702.08 | BU29: HALITE#1;IONIC_LIQ#1 | BV29: HALITE#1 | BW29: -210263.87 | BX29: -210217.78 | BY29: -103989.08 | BZ29: -221514.94 | CA29: FCC_A1#1;HALITE#1 | CB29: HALITE#1 | CF29: -218882.88 | CH29: SSUB3 | CM29: Error: Thermo-Calc calculation error: se.thermocalc.core.CalculationEngineException: ERROR IN QTHISS : TOO MANY ITERATIONS | CO29: -301191.65 | CP29: -301191.65 | CQ29: -99179.642 | CR29: -352430.54 | CS29: GAS#1;IONIC_LIQ#2 | CT29: NOT_FOUND | CU29: -443617.04 | CV29: -443617.04 | CW29: -153062.81 | CX29: -863077.37 | CY29: M2O3A#1 | CZ29: NOT_FOUND | DD29: -1318361.6 | DF29: SSUB3
A30: 1800 | B30: 1526.85 | C30: -159013.89 | D30: -159013.89 | E30: -110460.6 | F30: -87468.853 | G30: IONIC_LIQ#2 | H30: NOT_FOUND | I30: -173042.99 | J30: -173042.99 | K30: -110460.6 | L30: -46478.698 | M30: GAS#1;IONIC_LIQ#2 | N30: NOT_FOUND | O30: -391060.11 | P30: -391060.11 | Q30: -109852.9 | R30: -732291.08 | S30: CORUNDUM#1;IONIC_LIQ#1 | T30: CORUNDUM#1 | U30: -365091.54 | V30: -365091.54 | W30: -152631.6 | X30: -730330.88 | Y30: HALITE#1 | Z30: HALITE#1 | AA30: -364560.11 | AB30: -364407.94 | AC30: -78718.914 | AD30: -590189.34 | AE30: CRISTOBALITE#1;GAS#1 | AF30: CRISTOBALITE#1 | AG30: -383762.58 | AH30: -383573.97 | AI30: -107748.61 | AJ30: -618767.05 | AK30: GAS#1;RUTILE#1 | AL30: RUTILE#1 | AM30: -235131.74 | AN30: -235131.74 | AO30: -107239.01 | AP30: -301276.84 | AQ30: BCC_A2#1;IONIC_LIQ#2 | AR30: NOT_FOUND | AS30: -394797.26 | AT30: -394797.26 | AU30: -137819.49 | AV30: -878777.99 | AW30: HALITE#1 | AX30: HALITE#1 | AY30: -437021.95 | AZ30: -436797.31 | BA30: -123125.62 | BB30: -763168.13 | BC30: GAS#1;ZRO2_TETR#1 | BD30: ZRO2_TETR#1 | BE30: -296471.24 | BF30: -296471.24 | BG30: -90868.187 | BH30: -442307.82 | BI30: BCC_A2#1;CORUNDUM#1 | BJ30: CORUNDUM#1 | BK30: -289975.68 | BL30: -289951.21 | BM30: -119383.88 | BN30: -496362.88 | BO30: HALITE#1;IONIC_LIQ#1 | BP30: HALITE#1 | BQ30: -200868.58 | BR30: -200848.06 | BS30: -107605.23 | BT30: -163491.79 | BU30: HALITE#1;IONIC_LIQ#1 | BV30: HALITE#1 | BW30: -214124.99 | BX30: -214067.57 | BY30: -108820.14 | BZ30: -214087.61 | CA30: HALITE#1;IONIC_LIQ#1 | CB30: HALITE#1 | CF30: -223624.15 | CH30: SSUB3 | CI30: -315909.82 | CJ30: -315909.82 | CK30: -44765.715 | CL30: -568573.02 | CM30: GAS#1;IONIC_LIQ#1 | CN30: NOT_FOUND | CO30: -305109.32 | CP30: -305109.32 | CQ30: -103309.36 | CR30: -346886.53 | CS30: GAS#1;IONIC_LIQ#2 | CT30: NOT_FOUND | CU30: -447180.62 | CV30: -447180.62 | CW30: -159061.54 | CX30: -853747.93 | CY30: M2O3A#1 | CZ30: NOT_FOUND | DD30: -1328180.8 | DF30: SSUB3
A31: 1850 | B31: 1576.85 | C31: -163552.7 | D31: -163552.7 | E31: -115117.93 | F31: -82810.412 | G31: IONIC_LIQ#2 | H31: NOT_FOUND | I31: -178003.84 | J31: -178003.84 | K31: -115117.93 | L31: -43745.446 | M31: GAS#1;IONIC_LIQ#2 | N31: NOT_FOUND | O31: -393646.22 | P31: -393646.22 | Q31: -114490.13 | R31: -721466.52 | S31: CORUNDUM#1;IONIC_LIQ#1 | T31: CORUNDUM#1 | U31: -367941.16 | V31: -367941.16 | W31: -161709.78 | X31: -710311.04 | Y31: HALITE#1 | Z31: HALITE#1 | AA31: -367246.02 | AB31: -367097.79 | AC31: -83404.345 | AD31: -580299.69 | AE31: CRISTOBALITE#1;GAS#1 | AF31: CRISTOBALITE#1 | AG31: -386738.7 | AH31: -386547.66 | AI31: -112171.39 | AJ31: -610010.68 | AK31: GAS#1;RUTILE#1 | AL31: RUTILE#1 | AM31: -239720.98 | AN31: -239720.98 | AO31: -112166.62 | AP31: -296516.66 | AQ31: IONIC_LIQ#1;IONIC_LIQ#2 | AR31: NOT_FOUND | AS31: -398063.47 | AT31: -398063.47 | AU31: -147439.95 | AV31: -859339.93 | AW31: HALITE#1 | AX31: HALITE#1 | AY31: -440079.85 | AZ31: -439858.78 | BA31: -127933.4 | BB31: -754272.11 | BC31: GAS#1;ZRO2_TETR#1 | BD31: ZRO2_TETR#1 | BE31: -299504.24 | BF31: -299504.24 | BG31: -94837.392 | BH31: -433863.59 | BI31: BCC_A2#1;CORUNDUM#1 | BJ31: CORUNDUM#1 | BK31: -293815.16 | BL31: -293785.26 | BM31: -124854.61 | BN31: -487517.4 | BO31: HALITE#1;IONIC_LIQ#1 | BP31: HALITE#1 | BQ31: -204338.52 | BR31: -204311.41 | BS31: -112513.25 | BT31: -154293.55 | BU31: HALITE#1;IONIC_LIQ#1 | BV31: HALITE#1 | BW31: -218035.44 | BX31: -217964.57 | BY31: -113871.9 | BZ31: -206363.91 | CA31: HALITE#1;IONIC_LIQ#1 | CB31: HALITE#1 | CF31: -228410.56 | CH31: SSUB3 | CM31: Error: Thermo-Calc calculation error: se.thermocalc.core.CalculationEngineException: ERROR IN QTHISS : TOO MANY ITERATIONS | CO31: -309100.72 | CP31: -309100.72 | CQ31: -107493.09 | CR31: -341453.52 | CS31: GAS#1;IONIC_LIQ#2 | CT31: NOT_FOUND | CU31: -450785.6 | CV31: -450785.6 | CW31: -165107.93 | CX31: -844440.74 | CY31: M2O3A#1 | CZ31: NOT_FOUND | DD31: -1338121.2 | DF31: SSUB3
A32: 1900 | B32: 1626.85 | C32: -168124.75 | D32: -168124.75 | E32: -119817.68 | F32: -78130.609 | G32: IONIC_LIQ#2 | H32: NOT_FOUND | I32: -183002.91 | J32: -183002.91 | K32: -119817.68 | L32: -41029.11 | M32: GAS#1;IONIC_LIQ#2 | N32: NOT_FOUND | O32: -396268.95 | P32: -396268.95 | Q32: -119170.27 | R32: -710655.67 | S32: CORUNDUM#1;IONIC_LIQ#1 | T32: CORUNDUM#1 | U32: -370827.94 | V32: -370827.94 | W32: -170816.06 | X32: -690332.5 | Y32: HALITE#1 | Z32: HALITE#1 | AA32: -369965.52 | AB32: -369821.23 | AC32: -88126.533 | AD32: -570422.86 | AE32: CRISTOBALITE#1;GAS#1 | AF32: CRISTOBALITE#1 | AG32: -389751.74 | AH32: -389556.63 | AI32: -116643.38 | AJ32: -601264.7 | AK32: GAS#1;RUTILE#1 | AL32: RUTILE#1 | AM32: -244362.76 | AN32: -244362.76 | AO32: -117235.55 | AP32: -291632.79 | AQ32: IONIC_LIQ#1;IONIC_LIQ#2 | AR32: NOT_FOUND | AS32: -401367.58 | AT32: -401367.58 | AU32: -157088.67 | AV32: -839945.82 | AW32: HALITE#1 | AX32: HALITE#1 | AY32: -443175.1 | AZ32: -442957.59 | BA32: -132785.56 | BB32: -745392.57 | BC32: GAS#1;ZRO2_TETR#1 | BD32: ZRO2_TETR#1 | BE32: -302574.08 | BF32: -302574.08 | BG32: -98874.37 | BH32: -425400.62 | BI32: BCC_A2#1;CORUNDUM#1 | BJ32: CORUNDUM#1 | BK32: -297696.96 | BL32: -297660.85 | BM32: -130390.21 | BN32: -478660.26 | BO32: HALITE#1;IONIC_LIQ#1 | BP32: HALITE#1 | BQ32: -207854.15 | BR32: -207818.91 | BS32: -117479.52 | BT32: -145110.38 | BU32: HALITE#1;IONIC_LIQ#1 | BV32: HALITE#1 | BW32: -221994.55 | BX32: -221908.03 | BY32: -118978.4 | BZ32: -198674.25 | CA32: HALITE#1;IONIC_LIQ#1 | CB32: HALITE#1 | CF32: -233240.9 | CH32: SSUB3 | CI32: -321620.62 | CJ32: -321620.62 | CK32: -49333.318 | CL32: -554943.83 | CM32: GAS#1;IONIC_LIQ#1 | CN32: NOT_FOUND | CO32: -313166.26 | CP32: -313166.26 | CQ32: -111730.39 | CR32: -336134.07 | CS32: GAS#1;IONIC_LIQ#2 | CT32: NOT_FOUND | CU32: -454431.11 | CV32: -454431.11 | CW32: -171200.68 | CX32: -835155.62 | CY32: GAS#1;M2O3A#1 | CZ32: NOT_FOUND | DD32: -1348180.1 | DF32: SSUB3
A33: 1950 | B33: 1676.85 | C33: -172729.43 | D33: -172729.43 | E33: -124558.72 | F33: -73431.165 | G33: IONIC_LIQ#2 | H33: NOT_FOUND | I33: -188039.97 | J33: -188039.97 | K33: -124558.72 | L33: -38331.907 | M33: GAS#1;IONIC_LIQ#2 | N33: NOT_FOUND | O33: -398927.46 | P33: -398927.46 | Q33: -123892.18 | R33: -699858.08 | S33: CORUNDUM#1;IONIC_LIQ#1 | T33: CORUNDUM#1 | U33: -373751.09 | V33: -373751.09 | W33: -179949.7 | X33: -670394.41 | Y33: HALITE#1 | Z33: HALITE#1 | AA33: -372717.84 | AB33: -372577.47 | AC33: -92884.509 | AD33: -560558.46 | AE33: CRISTOBALITE#1;GAS#1 | AF33: CRISTOBALITE#1 | AG33: -392801.26 | AH33: -392600.17 | AI33: -121229.11 | AJ33: -592464.14 | AK33: GAS#1;RUTILE#1 | AL33: RUTILE#1 | AM33: -249055.5 | AN33: -249055.5 | AO33: -122365 | AP33: -286781.47 | AQ33: IONIC_LIQ#1;IONIC_LIQ#2 | AR33: NOT_FOUND | AS33: -404708.69 | AT33: -404708.69 | AU33: -166764.91 | AV33: -820594.39 | AW33: HALITE#1 | AX33: HALITE#1 | AY33: -446306.89 | AZ33: -446092.93 | BA33: -137681.62 | BB33: -736528.5 | BC33: GAS#1;ZRO2_TETR#1 | BD33: ZRO2_TETR#1 | BE33: -305679.93 | BF33: -305679.93 | BG33: -102979.28 | BH33: -416916.83 | BI33: CORUNDUM#1;SPINEL#1 | BJ33: CORUNDUM#1 | BK33: -301620.33 | BL33: -301577.17 | BM33: -135988.97 | BN33: -469792.84 | BO33: HALITE#1;IONIC_LIQ#1 | BP33: HALITE#1 | BQ33: -211415.27 | BR33: -211370.13 | BS33: -122502.51 | BT33: -135945.52 | BU33: HALITE#1;IONIC_LIQ#1 | BV33: HALITE#1 | BW33: -226001.93 | BX33: -225897.31 | BY33: -124138.19 | BZ33: -191020.79 | CA33: HALITE#1;IONIC_LIQ#1 | CB33: HALITE#1 | CF33: -238114 | CH33: SSUB3 | CI33: -324526.99 | CJ33: -324526.99 | CK33: -51675.237 | CL33: -548145.77 | CM33: GAS#1;IONIC_LIQ#1 | CN33: NOT_FOUND | CO33: -317304.33 | CP33: -317304.33 | CQ33: -116020.83 | CR33: -330924.91 | CS33: GAS#1;IONIC_LIQ#2 | CT33: NOT_FOUND | CU33: -458116.29 | CV33: -458116.29 | CW33: -177338.58 | CX33: -825892.3 | CY33: M2O3A#1 | CZ33: NOT_FOUND | DD33: -1358355.2 | DF33: SSUB3
A34: 2000 | B34: 1726.85 | C34: -177366.2 | D34: -177366.2 | E34: -129339.99 | F34: -68713.833 | G34: IONIC_LIQ#2 | H34: NOT_FOUND | I34: -193115.03 | J34: -193115.03 | K34: -129339.99 | L34: -35656.737 | M34: GAS#1;IONIC_LIQ#2 | N34: NOT_FOUND | O34: -401620.9 | P34: -401620.9 | Q34: -128654.8 | R34: -689073.2 | S34: CORUNDUM#1;IONIC_LIQ#1 | T34: CORUNDUM#1 | U34: -376709.83 | V34: -376709.83 | W34: -189110.02 | X34: -650495.88 | Y34: HALITE#1 | Z34: HALITE#1 | AA34: -375371.56 | AB34: -375371.56 | AC34: -97677.356 | AD34: -550313.91 | AE34: GAS#1;IONIC_LIQ#2 | AF34: NOT_FOUND | AG34: -395886.92 | AH34: -395677.62 | AI34: -126170.22 | AJ34: -583367.12 | AK34: GAS#1;RUTILE#1 | AL34: RUTILE#1 | AM34: -253797.88 | AN34: -253797.88 | AO34: -127553.44 | AP34: -281961.24 | AQ34: IONIC_LIQ#1;IONIC_LIQ#2 | AR34: NOT_FOUND | AS34: -408085.93 | AT34: -408085.93 | AU34: -176468 | AV34: -801284.32 | AW34: HALITE#1 | AX34: HALITE#1 | AY34: -449474.45 | AZ34: -449264.04 | BA34: -142621.16 | BB34: -727678.78 | BC34: GAS#1;ZRO2_TETR#1 | BD34: ZRO2_TETR#1 | BE34: -308820.98 | BF34: -308820.98 | BG34: -107152.33 | BH34: -408410.08 | BI34: CORUNDUM#1;IONIC_LIQ#2 | BJ34: CORUNDUM#1 | BK34: -305584.57 | BL34: -305533.49 | BM34: -141649.27 | BN34: -460916.33 | BO34: HALITE#1;IONIC_LIQ#1 | BP34: HALITE#1 | BQ34: -215022.04 | BR34: -214964.9 | BS34: -127580.75 | BT34: -126803.26 | BU34: HALITE#1;IONIC_LIQ#2 | BV34: HALITE#1 | BW34: -230057.22 | BX34: -229931.87 | BY34: -129349.91 | BZ34: -183405.66 | CA34: HALITE#1;IONIC_LIQ#1 | CB34: HALITE#1 | CF34: -245436.37 | CH34: SSUB3 | CM34: Error: Thermo-Calc calculation error: se.thermocalc.core.CalculationEngineException: ERROR IN QTHISS : TOO MANY ITERATIONS | CO34: -321512.89 | CP34: -321512.89 | CQ34: -120364.06 | CR34: -325821.45 | CS34: GAS#1;IONIC_LIQ#2 | CT34: NOT_FOUND | CU34: -461840.33 | CV34: -461840.33 | CW34: -183520.48 | CX34: -816650.4 | CY34: M2O3A#1 | CZ34: NOT_FOUND | DD34: -1368644 | DF34: SSUB3

Sheet Ternary_Rxns
A1: RAW TC-PYTHON — Ternary reaction energies (16 systems, TCOX14)
A2: 414 rows: 23 temperatures (800-1900 K, 50 K steps) × 18 products. dG_rxn_kJ = total reaction driving force.
A3: T_K | B3: T_C | C3: oxide | D3: product | E3: product_name | F3: reaction | G3: GM_system_product | H3: stable_phases | I3: ternary_phase_found | J3: GM_ternary_phase | K3: G_Cu_metal | L3: G_O2 | M3: dG_rxn_system_J | N3: dG_rxn_system_kJ | O3: notes
A4: 800 | B4: 526.85 | C4: Al2O3 | D4: CuAl2O4 | E4: copper aluminate spinel | F4: Cu + Al2O3 + 0.5 O2 -> CuAl2O4 | G4: -278767.03 | H4: CUO#1; SPINEL#1 | I4: SPINEL#1 | J4: -278767.03 | K4: -33912.573 | L4: -172813.3 | M4: -86817.67 | N4: -86.81767
A5: 850 | B5: 576.85 | C5: Al2O3 | D5: CuAl2O4 | E5: copper aluminate spinel | F5: Cu + Al2O3 + 0.5 O2 -> CuAl2O4 | G5: -280644.05 | H5: CUO#1; SPINEL#1 | I5: SPINEL#1 | J5: -280644.06 | K5: -36899.716 | L5: -184655.76 | M5: -83217.677 | N5: -83.217677
A6: 900 | B6: 626.85 | C6: Al2O3 | D6: CuAl2O4 | E6: copper aluminate spinel | F6: Cu + Al2O3 + 0.5 O2 -> CuAl2O4 | G6: -282597.07 | H6: CUO#1; SPINEL#1 | I6: SPINEL#1 | J6: -282597.09 | K6: -39969.026 | L6: -196598.46 | M6: -79659.947 | N6: -79.659947
A7: 950 | B7: 676.85 | C7: Al2O3 | D7: CuAl2O4 | E7: copper aluminate spinel | F7: Cu + Al2O3 + 0.5 O2 -> CuAl2O4 | G7: -284622.82 | H7: CUO#1; DELAFOSSITE#1; SPINEL#1 | I7: SPINEL#1 | J7: -284622.86 | K7: -43116.531 | L7: -208636.66 | M7: -76144.449 | N7: -76.144449
A8: 1000 | B8: 726.85 | C8: Al2O3 | D8: CuAl2O4 | E8: copper aluminate spinel | F8: Cu + Al2O3 + 0.5 O2 -> CuAl2O4 | G8: -286718.32 | H8: CUO#1; SPINEL#1 | I8: SPINEL#1 | J8: -286718.39 | K8: -46338.663 | L8: -220766.04 | M8: -72671.147 | N8: -72.671147
A9: 1050 | B9: 776.85 | C9: Al2O3 | D9: CuAl2O4 | E9: copper aluminate spinel | F9: Cu + Al2O3 + 0.5 O2 -> CuAl2O4 | G9: -288880.85 | H9: CUO#1; SPINEL#1 | I9: SPINEL#1 | J9: -288880.99 | K9: -49632.202 | L9: -232982.65 | M9: -69239.98 | N9: -69.23998
A10: 1100 | B10: 826.85 | C10: Al2O3 | D10: CuAl2O4 | E10: copper aluminate spinel | F10: Cu + Al2O3 + 0.5 O2 -> CuAl2O4 | G10: -291107.93 | H10: CUO#1; SPINEL#1 | I10: SPINEL#1 | J10: -291108.17 | K10: -52994.231 | L10: -245282.87 | M10: -65850.837 | N10: -65.850837
A11: 1150 | B11: 876.85 | C11: Al2O3 | D11: CuAl2O4 | E11: copper aluminate spinel | F11: Cu + Al2O3 + 0.5 O2 -> CuAl2O4 | G11: -293397.25 | H11: CUO#1; SPINEL#1 | I11: SPINEL#1 | J11: -293397.64 | K11: -56422.1 | L11: -257663.37 | M11: -62503.541 | N11: -62.503541
A12: 1200 | B12: 926.85 | C12: Al2O3 | D12: CuAl2O4 | E12: copper aluminate spinel | F12: Cu + Al2O3 + 0.5 O2 -> CuAl2O4 | G12: -295746.68 | H12: CUO#1; SPINEL#1 | I12: SPINEL#1 | J12: -295747.31 | K12: -59913.4 | L12: -270121.08 | M12: -59197.83 | N12: -59.19783
A13: 1250 | B13: 976.85 | C13: Al2O3 | D13: CuAl2O4 | E13: copper aluminate spinel | F13: Cu + Al2O3 + 0.5 O2 -> CuAl2O4 | G13: -298154.24 | H13: CUO#1; DELAFOSSITE#1; SPINEL#1 | I13: SPINEL#1 | J13: -298155.21 | K13: -63465.945 | L13: -282653.14 | M13: -55933.339 | N13: -55.933339
A14: 1300 | B14: 1026.85 | C14: Al2O3 | D14: CuAl2O4 | E14: copper aluminate spinel | F14: Cu + Al2O3 + 0.5 O2 -> CuAl2O4 | G14: -300618.07 | H14: CUO#1; CUPRITE#1; SPINEL#1 | I14: SPINEL#1 | J14: -300619.52 | K14: -67077.645 | L14: -295256.91 | M14: -52709.684 | N14: -52.709684
A15: 1350 | B15: 1076.85 | C15: Al2O3 | D15: CuAl2O4 | E15: copper aluminate spinel | F15: Cu + Al2O3 + 0.5 O2 -> CuAl2O4 | G15: -303136.44 | H15: CUO#1; SPINEL#1 | I15: SPINEL#1 | J15: -303138.53 | K15: -70746.384 | L15: -307929.93 | M15: -49526.567 | N15: -49.526567
... A19: 1550 | B19: 1276.85 | C19: Al2O3 | D19: CuAl2O4 | E19: copper aluminate spinel | F19: Cu + Al2O3 + 0.5 O2 -> CuAl2O4 | G19: -313731.45 | H19: GAS#1; IONIC_LIQ#2; SPINEL#1 | I19: SPINEL#1 | J19: -314516.4 | K19: -87853.74 | L19: -359271.07 | M19: -35345.136 | N19: -35.345136
A20: 1600 | B20: 1326.85 | C20: Al2O3 | D20: CuAl2O4 | E20: copper aluminate spinel | F20: Cu + Al2O3 + 0.5 O2 -> CuAl2O4 | G20: -316858.1 | H20: CORUNDUM#1; GAS#1; IONIC_LIQ#2 | K20: -92279.926 | L20: -372258.95 | M20: -34366.378 | N20: -34.366378
A21: 1650 | B21: 1376.85 | C21: Al2O3 | D21: CuAl2O4 | E21: copper aluminate spinel | F21: Cu + Al2O3 + 0.5 O2 -> CuAl2O4 | G21: -320076.14 | H21: CORUNDUM#1; GAS#1; IONIC_LIQ#2 | K21: -96755.148 | L21: -385304.46 | M21: -33740.897 | N21: -33.740897
A22: 1700 | B22: 1426.85 | C22: Al2O3 | D22: CuAl2O4 | E22: copper aluminate spinel | F22: Cu + Al2O3 + 0.5 O2 -> CuAl2O4 | G22: -323343.44 | H22: CORUNDUM#1; GAS#1; IONIC_LIQ#2 | K22: -101277.92 | L22: -398406.06 | M22: -33181.787 | N22: -33.181787
A23: 1750 | B23: 1476.85 | C23: Al2O3 | D23: CuAl2O4 | E23: copper aluminate spinel | F23: Cu + Al2O3 + 0.5 O2 -> CuAl2O4 | G23: -326660.57 | H23: CORUNDUM#1; GAS#1; IONIC_LIQ#2 | K23: -105846.84 | L23: -411562.37 | M23: -32700.449 | N23: -32.700449
A24: 1800 | B24: 1526.85 | C24: Al2O3 | D24: CuAl2O4 | E24: copper aluminate spinel | F24: Cu + Al2O3 + 0.5 O2 -> CuAl2O4 | G24: -330029.06 | H24: CORUNDUM#1; GAS#1; IONIC_LIQ#2 | K24: -110460.6 | L24: -424772.08 | M24: -32314.512 | N24: -32.314512
A25: 1850 | B25: 1576.85 | C25: Al2O3 | D25: CuAl2O4 | E25: copper aluminate spinel | F25: Cu + Al2O3 + 0.5 O2 -> CuAl2O4 | G25: -333451.71 | H25: CORUNDUM#1; GAS#1; IONIC_LIQ#2 | K25: -115117.93 | L25: -438034.03 | M25: -32050.275 | N25: -32.050275
A26: 1900 | B26: 1626.85 | C26: Al2O3 | D26: CuAl2O4 | E26: copper aluminate spinel | F26: Cu + Al2O3 + 0.5 O2 -> CuAl2O4 | G26: -336933.22 | H26: CORUNDUM#1; GAS#1; IONIC_LIQ#2 | K26: -119817.68 | L26: -451347.16 | M26: -31946.834 | N26: -31.946834
A27: 800 | B27: 526.85 | C27: Al2O3 | D27: CuAlO2 | E27: delafossite | F27: Cu + 0.5 Al2O3 + 0.25 O2 -> CuAlO2 | G27: -252091.57 | H27: DELAFOSSITE#1 | I27: DELAFOSSITE#1 | J27: -252091.57 | K27: -33912.573 | L27: -172813.3 | M27: -59134.248 | N27: -59.134248
A28: 850 | B28: 576.85 | C28: Al2O3 | D28: CuAlO2 | E28: delafossite | F28: Cu + 0.5 Al2O3 + 0.25 O2 -> CuAlO2 | G28: -254136.64 | H28: CORUNDUM#1; DELAFOSSITE#1 | I28: DELAFOSSITE#1 | J28: -254136.64 | K28: -36899.716 | L28: -184655.76 | M28: -57451.355 | N28: -57.451355
A29: 900 | B29: 626.85 | C29: Al2O3 | D29: CuAlO2 | E29: delafossite | F29: Cu + 0.5 Al2O3 + 0.25 O2 -> CuAlO2 | G29: -256255.35 | H29: CORUNDUM#1; DELAFOSSITE#1 | I29: DELAFOSSITE#1 | J29: -256255.35 | K29: -39969.026 | L29: -196598.46 | M29: -55777.098 | N29: -55.777098
A30: 950 | B30: 676.85 | C30: Al2O3 | D30: CuAlO2 | E30: delafossite | F30: Cu + 0.5 Al2O3 + 0.25 O2 -> CuAlO2 | G30: -258444.34 | H30: CORUNDUM#1; DELAFOSSITE#1 | I30: DELAFOSSITE#1 | J30: -258444.34 | K30: -43116.531 | L30: -208636.66 | M30: -54111.456 | N30: -54.111456
A31: 1000 | B31: 726.85 | C31: Al2O3 | D31: CuAlO2 | E31: delafossite | F31: Cu + 0.5 Al2O3 + 0.25 O2 -> CuAlO2 | G31: -260700.57 | H31: CORUNDUM#1; DELAFOSSITE#1; SPINEL#1 | I31: DELAFOSSITE#1 | J31: -260700.57 | K31: -46338.663 | L31: -220766.04 | M31: -52454.417 | N31: -52.454417
A32: 1050 | B32: 776.85 | C32: Al2O3 | D32: CuAlO2 | E32: delafossite | F32: Cu + 0.5 Al2O3 + 0.25 O2 -> CuAlO2 | G32: -263021.27 | H32: CORUNDUM#1; DELAFOSSITE#1; SPINEL#1 | I32: DELAFOSSITE#1 | J32: -263021.27 | K32: -49632.202 | L32: -232982.65 | M32: -50805.98 | N32: -50.80598
A33: 1100 | B33: 826.85 | C33: Al2O3 | D33: CuAlO2 | E33: delafossite | F33: Cu + 0.5 Al2O3 + 0.25 O2 -> CuAlO2 | G33: -265403.9 | H33: CORUNDUM#1; DELAFOSSITE#1 | I33: DELAFOSSITE#1 | J33: -265403.9 | K33: -52994.231 | L33: -245282.87 | M33: -49166.146 | N33: -49.166146
A34: 1150 | B34: 876.85 | C34: Al2O3 | D34: CuAlO2 | E34: delafossite | F34: Cu + 0.5 Al2O3 + 0.25 O2 -> CuAlO2 | G34: -267846.14 | H34: CORUNDUM#1; DELAFOSSITE#1 | I34: DELAFOSSITE#1 | J34: -267846.14 | K34: -56422.1 | L34: -257663.37 | M34: -47534.913 | N34: -47.534913
A35: 1200 | B35: 926.85 | C35: Al2O3 | D35: CuAlO2 | E35: delafossite | F35: Cu + 0.5 Al2O3 + 0.25 O2 -> CuAlO2 | G35: -270345.86 | H35: DELAFOSSITE#1 | I35: DELAFOSSITE#1 | J35: -270345.86 | K35: -59913.4 | L35: -270121.08 | M35: -45912.269 | N35: -45.912269
A36: 1250 | B36: 976.85 | C36: Al2O3 | D36: CuAlO2 | E36: delafossite | F36: Cu + 0.5 Al2O3 + 0.25 O2 -> CuAlO2 | G36: -272901.08 | H36: CORUNDUM#1; DELAFOSSITE#1 | I36: DELAFOSSITE#1 | J36: -272901.08 | K36: -63465.945 | L36: -282653.14 | M36: -44298.186 | N36: -44.298186
A37: 1300 | B37: 1026.85 | C37: Al2O3 | D37: CuAlO2 | E37: delafossite | F37: Cu + 0.5 Al2O3 + 0.25 O2 -> CuAlO2 | G37: -275509.99 | H37: DELAFOSSITE#1 | I37: DELAFOSSITE#1 | J37: -275509.99 | K37: -67077.645 | L37: -295256.91 | M37: -42692.711 | N37: -42.692711
A38: 1350 | B38: 1076.85 | C38: Al2O3 | D38: CuAlO2 | E38: delafossite | F38: Cu + 0.5 Al2O3 + 0.25 O2 -> CuAlO2 | G38: -278170.88 | H38: DELAFOSSITE#1; IONIC_LIQ#2 | I38: DELAFOSSITE#1 | J38: -278170.88 | K38: -70746.384 | L38: -307929.93 | M38: -41096.078 | N38: -41.096078
... A42: 1550 | B42: 1276.85 | C42: Al2O3 | D42: CuAlO2 | E42: delafossite | F42: Cu + 0.5 Al2O3 + 0.25 O2 -> CuAlO2 | G42: -289304.31 | H42: DELAFOSSITE#1 | I42: DELAFOSSITE#1 | J42: -289304.31 | K42: -87853.74 | L42: -359271.07 | M42: -32902.853 | N42: -32.902853
A43: 1600 | B43: 1326.85 | C43: Al2O3 | D43: CuAlO2 | E43: delafossite | F43: Cu + 0.5 Al2O3 + 0.25 O2 -> CuAlO2 | G43: -292457.7 | H43: CORUNDUM#1; IONIC_LIQ#1; IONIC_LIQ#2 | K43: -92279.926 | L43: -372258.95 | M43: -31870.677 | N43: -31.870677
A44: 1650 | B44: 1376.85 | C44: Al2O3 | D44: CuAlO2 | E44: delafossite | F44: Cu + 0.5 Al2O3 + 0.25 O2 -> CuAlO2 | G44: -295782.58 | H44: CORUNDUM#1; IONIC_LIQ#1; IONIC_LIQ#2 | K44: -96755.148 | L44: -385304.46 | M44: -31356.709 | N44: -31.356709
A45: 1700 | B45: 1426.85 | C45: Al2O3 | D45: CuAlO2 | E45: delafossite | F45: Cu + 0.5 Al2O3 + 0.25 O2 -> CuAlO2 | G45: -299158.3 | H45: CORUNDUM#1; IONIC_LIQ#1; IONIC_LIQ#2 | K45: -101277.92 | L45: -398406.06 | M45: -30883.097 | N45: -30.883097
A46: 1750 | B46: 1476.85 | C46: Al2O3 | D46: CuAlO2 | E46: delafossite | F46: Cu + 0.5 Al2O3 + 0.25 O2 -> CuAlO2 | G46: -302586.09 | H46: CORUNDUM#1; IONIC_LIQ#1; IONIC_LIQ#2 | K46: -105846.84 | L46: -411562.37 | M46: -30459.148 | N46: -30.459148
A47: 1800 | B47: 1526.85 | C47: Al2O3 | D47: CuAlO2 | E47: delafossite | F47: Cu + 0.5 Al2O3 + 0.25 O2 -> CuAlO2 | G47: -306068.43 | H47: CORUNDUM#1; IONIC_LIQ#1; IONIC_LIQ#2 | K47: -110460.6 | L47: -424772.08 | M47: -30098.993 | N47: -30.098993
A48: 1850 | B48: 1576.85 | C48: Al2O3 | D48: CuAlO2 | E48: delafossite | F48: Cu + 0.5 Al2O3 + 0.25 O2 -> CuAlO2 | G48: -309609.6 | H48: CORUNDUM#1; IONIC_LIQ#1; IONIC_LIQ#2 | K48: -115117.93 | L48: -438034.03 | M48: -29823.576 | N48: -29.823576
A49: 1900 | B49: 1626.85 | C49: Al2O3 | D49: CuAlO2 | E49: delafossite | F49: Cu + 0.5 Al2O3 + 0.25 O2 -> CuAlO2 | G49: -313216.31 | H49: CORUNDUM#1; IONIC_LIQ#1; IONIC_LIQ#2 | K49: -119817.68 | L49: -451347.16 | M49: -29663.56 | N49: -29.66356
A50: 800 | B50: 526.85 | C50: Cr2O3 | D50: CuCr2O4 | E50: copper chromite spinel | F50: Cu + Cr2O3 + 0.5 O2 -> CuCr2O4 | G50: -206564.81 | H50: ALPHA_SPINEL#1; DELAFOSSITE#1 | I50: ALPHA_SPINEL#1 | J50: -206564.81 | K50: -33912.573 | L50: -172813.3 | M50: -98629.967 | N50: -98.629967
A51: 850 | B51: 576.85 | C51: Cr2O3 | D51: CuCr2O4 | E51: copper chromite spinel | F51: Cu + Cr2O3 + 0.5 O2 -> CuCr2O4 | G51: -208606.34 | H51: ALPHA_SPINEL#1; DELAFOSSITE#1 | I51: ALPHA_SPINEL#1 | J51: -208606.34 | K51: -36899.716 | L51: -184655.76 | M51: -94000.505 | N51: -94.000505
A52: 900 | B52: 626.85 | C52: Cr2O3 | D52: CuCr2O4 | E52: copper chromite spinel | F52: Cu + Cr2O3 + 0.5 O2 -> CuCr2O4 | G52: -210808.88 | H52: SPINEL#1 | I52: SPINEL#1 | J52: -210808.88 | K52: -39969.026 | L52: -196598.46 | M52: -89997.642 | N52: -89.997642
A53: 950 | B53: 676.85 | C53: Cr2O3 | D53: CuCr2O4 | E53: copper chromite spinel | F53: Cu + Cr2O3 + 0.5 O2 -> CuCr2O4 | G53: -213097.1 | H53: CUO#1; SPINEL#1 | I53: SPINEL#1 | J53: -213097.1 | K53: -43116.531 | L53: -208636.66 | M53: -86119.388 | N53: -86.119388
A54: 1000 | B54: 726.85 | C54: Cr2O3 | D54: CuCr2O4 | E54: copper chromite spinel | F54: Cu + Cr2O3 + 0.5 O2 -> CuCr2O4 | G54: -215453.77 | H54: CUO#1; SPINEL#1 | I54: SPINEL#1 | J54: -215453.77 | K54: -46338.663 | L54: -220766.04 | M54: -82265.343 | N54: -82.265343
A55: 1050 | B55: 776.85 | C55: Cr2O3 | D55: CuCr2O4 | E55: copper chromite spinel | F55: Cu + Cr2O3 + 0.5 O2 -> CuCr2O4 | G55: -217875.25 | H55: CUO#1; SPINEL#1 | I55: SPINEL#1 | J55: -217875.25 | K55: -49632.202 | L55: -232982.65 | M55: -78434.709 | N55: -78.434709
A56: 1100 | B56: 826.85 | C56: Cr2O3 | D56: CuCr2O4 | E56: copper chromite spinel | F56: Cu + Cr2O3 + 0.5 O2 -> CuCr2O4 | G56: -220359.11 | H56: SPINEL#1 | I56: SPINEL#1 | J56: -220359.11 | K56: -52994.231 | L56: -245282.87 | M56: -74626.825 | N56: -74.626825
A57: 1150 | B57: 876.85 | C57: Cr2O3 | D57: CuCr2O4 | E57: copper chromite spinel | F57: Cu + Cr2O3 + 0.5 O2 -> CuCr2O4 | G57: -222902.87 | H57: SPINEL#1 | I57: SPINEL#1 | J57: -222902.87 | K57: -56422.1 | L57: -257663.37 | M57: -70841.07 | N57: -70.84107
A58: 1200 | B58: 926.85 | C58: Cr2O3 | D58: CuCr2O4 | E58: copper chromite spinel | F58: Cu + Cr2O3 + 0.5 O2 -> CuCr2O4 | G58: -225504.26 | H58: SPINEL#1 | I58: SPINEL#1 | J58: -225504.26 | K58: -59913.4 | L58: -270121.08 | M58: -67076.958 | N58: -67.076958
A59: 1250 | B59: 976.85 | C59: Cr2O3 | D59: CuCr2O4 | E59: copper chromite spinel | F59: Cu + Cr2O3 + 0.5 O2 -> CuCr2O4 | G59: -228161.22 | H59: SPINEL#1 | I59: SPINEL#1 | J59: -228161.22 | K59: -63465.945 | L59: -282653.14 | M59: -63334.069 | N59: -63.334069
A60: 1300 | B60: 1026.85 | C60: Cr2O3 | D60: CuCr2O4 | E60: copper chromite spinel | F60: Cu + Cr2O3 + 0.5 O2 -> CuCr2O4 | G60: -230871.74 | H60: DELAFOSSITE#1; GAS#1; SPINEL#1 | I60: SPINEL#1 | J60: -230871.75 | K60: -67077.645 | L60: -295256.91 | M60: -59611.422 | N60: -59.611422
A61: 1350 | B61: 1076.85 | C61: Cr2O3 | D61: CuCr2O4 | E61: copper chromite spinel | F61: Cu + Cr2O3 + 0.5 O2 -> CuCr2O4 | G61: -233634.2 | H61: DELAFOSSITE#1; GAS#1; SPINEL#1 | I61: SPINEL#1 | J61: -233634.23 | K61: -70746.384 | L61: -307929.93 | M61: -55909.893 | N61: -55.909893
... A63: 1450 | B63: 1176.85 | C63: Cr2O3 | D63: CuCr2O4 | E63: copper chromite spinel | F63: Cu + Cr2O3 + 0.5 O2 -> CuCr2O4 | G63: -239308.38 | H63: DELAFOSSITE#1; GAS#1; SPINEL#1 | I63: SPINEL#1 | J63: -239308.73 | K63: -79154.908 | L63: -333474.75 | M63: -47661.4 | N63: -47.6614
A64: 1500 | B64: 1226.85 | C64: Cr2O3 | D64: CuCr2O4 | E64: copper chromite spinel | F64: Cu + Cr2O3 + 0.5 O2 -> CuCr2O4 | G64: -242245.38 | H64: CORUNDUM#1; DELAFOSSITE#1; GAS#1 | K64: -83478.171 | L64: -346342.42 | M64: -43724.677 | N64: -43.724677
A65: 1550 | B65: 1276.85 | C65: Cr2O3 | D65: CuCr2O4 | E65: copper chromite spinel | F65: Cu + Cr2O3 + 0.5 O2 -> CuCr2O4 | G65: -245457.95 | H65: CORUNDUM#1; DELAFOSSITE#1; GAS#1 | K65: -87853.74 | L65: -359271.07 | M65: -41412.295 | N65: -41.412295
A66: 1600 | B66: 1326.85 | C66: Cr2O3 | D66: CuCr2O4 | E66: copper chromite spinel | F66: Cu + Cr2O3 + 0.5 O2 -> CuCr2O4 | G66: -248713.75 | H66: CORUNDUM#1; DELAFOSSITE#1; GAS#1 | K66: -92279.926 | L66: -372258.95 | M66: -39107.6 | N66: -39.1076
A67: 1650 | B67: 1376.85 | C67: Cr2O3 | D67: CuCr2O4 | E67: copper chromite spinel | F67: Cu + Cr2O3 + 0.5 O2 -> CuCr2O4 | G67: -252011.66 | H67: CORUNDUM#1; DELAFOSSITE#1; GAS#1 | K67: -96755.148 | L67: -385304.46 | M67: -36810.947 | N67: -36.810947
A68: 1700 | B68: 1426.85 | C68: Cr2O3 | D68: CuCr2O4 | E68: copper chromite spinel | F68: Cu + Cr2O3 + 0.5 O2 -> CuCr2O4 | G68: -255350.62 | H68: CORUNDUM#1; DELAFOSSITE#1; GAS#1 | K68: -101277.92 | L68: -398406.06 | M68: -34522.676 | N68: -34.522676
A69: 1750 | B69: 1476.85 | C69: Cr2O3 | D69: CuCr2O4 | E69: copper chromite spinel | F69: Cu + Cr2O3 + 0.5 O2 -> CuCr2O4 | G69: -258729.63 | H69: CORUNDUM#1; DELAFOSSITE#1; GAS#1 | K69: -105846.84 | L69: -411562.37 | M69: -32243.124 | N69: -32.243124
A70: 1800 | B70: 1526.85 | C70: Cr2O3 | D70: CuCr2O4 | E70: copper chromite spinel | F70: Cu + Cr2O3 + 0.5 O2 -> CuCr2O4 | G70: -262147.76 | H70: CORUNDUM#1; DELAFOSSITE#1; GAS#1 | K70: -110460.6 | L70: -424772.08 | M70: -29972.634 | N70: -29.972634
A71: 1850 | B71: 1576.85 | C71: Cr2O3 | D71: CuCr2O4 | E71: copper chromite spinel | F71: Cu + Cr2O3 + 0.5 O2 -> CuCr2O4 | G71: -265604.14 | H71: CORUNDUM#1; DELAFOSSITE#1; GAS#1 | K71: -115117.93 | L71: -438034.03 | M71: -27711.585 | N71: -27.711585
A72: 1900 | B72: 1626.85 | C72: Cr2O3 | D72: CuCr2O4 | E72: copper chromite spinel | F72: Cu + Cr2O3 + 0.5 O2 -> CuCr2O4 | G72: -269097.96 | H72: CORUNDUM#1; DELAFOSSITE#1; GAS#1 | K72: -119817.68 | L72: -451347.16 | M72: -25460.428 | N72: -25.460428
A73: 800 | B73: 526.85 | C73: MnO | D73: CuMn2O4 | E73: copper manganite spinel | F73: Cu + 2MnO + O2 -> CuMn2O4 | G73: -185659.69 | H73: DELAFOSSITE#1; SPINEL#1 | I73: SPINEL#1 | J73: -185659.69 | K73: -33912.573 | L73: -172813.3 | M73: -197656.67 | N73: -197.65667
A74: 850 | B74: 576.85 | C74: MnO | D74: CuMn2O4 | E74: copper manganite spinel | F74: Cu + 2MnO + O2 -> CuMn2O4 | G74: -188031.9 | H74: DELAFOSSITE#1; SPINEL#1 | I74: SPINEL#1 | J74: -188031.9 | K74: -36899.716 | L74: -184655.76 | M74: -188562.91 | N74: -188.56291
A75: 900 | B75: 626.85 | C75: MnO | D75: CuMn2O4 | E75: copper manganite spinel | F75: Cu + 2MnO + O2 -> CuMn2O4 | G75: -190488.05 | H75: DELAFOSSITE#1; SPINEL#1 | I75: SPINEL#1 | J75: -190488.05 | K75: -39969.026 | L75: -196598.46 | M75: -179563.74 | N75: -179.56374
A76: 950 | B76: 676.85 | C76: MnO | D76: CuMn2O4 | E76: copper manganite spinel | F76: Cu + 2MnO + O2 -> CuMn2O4 | G76: -193024.24 | H76: SPINEL#1 | I76: SPINEL#1 | J76: -193024.24 | K76: -43116.531 | L76: -208636.66 | M76: -170655.13 | N76: -170.65513
A77: 1000 | B77: 726.85 | C77: MnO | D77: CuMn2O4 | E77: copper manganite spinel | F77: Cu + 2MnO + O2 -> CuMn2O4 | G77: -195636.83 | H77: SPINEL#1 | I77: SPINEL#1 | J77: -195636.83 | K77: -46338.663 | L77: -220766.04 | M77: -161832.98 | N77: -161.83298
A78: 1050 | B78: 776.85 | C78: MnO | D78: CuMn2O4 | E78: copper manganite spinel | F78: Cu + 2MnO + O2 -> CuMn2O4 | G78: -198322.51 | H78: SPINEL#1 | I78: SPINEL#1 | J78: -198322.51 | K78: -49632.202 | L78: -232982.65 | M78: -153093.22 | N78: -153.09322
A79: 1100 | B79: 826.85 | C79: MnO | D79: CuMn2O4 | E79: copper manganite spinel | F79: Cu + 2MnO + O2 -> CuMn2O4 | G79: -201078.24 | H79: SPINEL#1 | I79: SPINEL#1 | J79: -201078.24 | K79: -52994.231 | L79: -245282.87 | M79: -144431.96 | N79: -144.43196
A80: 1150 | B80: 876.85 | C80: MnO | D80: CuMn2O4 | E80: copper manganite spinel | F80: Cu + 2MnO + O2 -> CuMn2O4 | G80: -203901.22 | H80: GAS#1; SPINEL#1 | I80: SPINEL#1 | J80: -203901.22 | K80: -56422.1 | L80: -257663.37 | M80: -135845.49 | N80: -135.84549
A81: 1200 | B81: 926.85 | C81: MnO | D81: CuMn2O4 | E81: copper manganite spinel | F81: Cu + 2MnO + O2 -> CuMn2O4 | G81: -206788.88 | H81: GAS#1; SPINEL#1 | I81: SPINEL#1 | J81: -206788.88 | K81: -59913.4 | L81: -270121.08 | M81: -127330.33 | N81: -127.33033
A82: 1250 | B82: 976.85 | C82: MnO | D82: CuMn2O4 | E82: copper manganite spinel | F82: Cu + 2MnO + O2 -> CuMn2O4 | G82: -209738.84 | H82: GAS#1; SPINEL#1 | I82: SPINEL#1 | J82: -209738.84 | K82: -63465.945 | L82: -282653.14 | M82: -118883.25 | N82: -118.88325
A83: 1300 | B83: 1026.85 | C83: MnO | D83: CuMn2O4 | E83: copper manganite spinel | F83: Cu + 2MnO + O2 -> CuMn2O4 | G83: -212748.91 | H83: GAS#1; SPINEL#1 | I83: SPINEL#1 | J83: -212748.92 | K83: -67077.645 | L83: -295256.91 | M83: -110501.35 | N83: -110.50135
A84: 1350 | B84: 1076.85 | C84: MnO | D84: CuMn2O4 | E84: copper manganite spinel | F84: Cu + 2MnO + O2 -> CuMn2O4 | G84: -215817.1 | H84: GAS#1; SPINEL#1 | I84: SPINEL#1 | J84: -215817.13 | K84: -70746.384 | L84: -307929.93 | M84: -102182.2 | N84: -102.1822
... A91: 1700 | B91: 1426.85 | C91: MnO | D91: CuMn2O4 | E91: copper manganite spinel | F91: Cu + 2MnO + O2 -> CuMn2O4 | G91: -242020.62 | H91: GAS#1; IONIC_LIQ#2; SPINEL#1 | I91: SPINEL#1 | J91: -272941.99 | K91: -101277.92 | L91: -398406.06 | M91: -64814.796 | N91: -64.814796
A92: 1750 | B92: 1476.85 | C92: MnO | D92: CuMn2O4 | E92: copper manganite spinel | F92: Cu + 2MnO + O2 -> CuMn2O4 | G92: -246635.52 | H92: GAS#1; IONIC_LIQ#2 | K92: -105846.84 | L92: -411562.37 | M92: -64398.131 | N92: -64.398131
A93: 1800 | B93: 1526.85 | C93: MnO | D93: CuMn2O4 | E93: copper manganite spinel | F93: Cu + 2MnO + O2 -> CuMn2O4 | G93: -251354.99 | H93: GAS#1; IONIC_LIQ#2 | K93: -110460.6 | L93: -424772.08 | M93: -64442.552 | N93: -64.442552
A94: 1850 | B94: 1576.85 | C94: MnO | D94: CuMn2O4 | E94: copper manganite spinel | F94: Cu + 2MnO + O2 -> CuMn2O4 | G94: -256126.12 | H94: GAS#1; IONIC_LIQ#2 | K94: -115117.93 | L94: -438034.03 | M94: -64583.471 | N94: -64.583471
A95: 1900 | B95: 1626.85 | C95: MnO | D95: CuMn2O4 | E95: copper manganite spinel | F95: Cu + 2MnO + O2 -> CuMn2O4 | G95: -260947.16 | H95: GAS#1; IONIC_LIQ#2 | K95: -119817.68 | L95: -451347.16 | M95: -64814.216 | N95: -64.814216
A96: 800 | B96: 526.85 | C96: FeO | D96: CuFe2O4 | E96: copper ferrite spinel | F96: Cu + 2FeO + O2 -> CuFe2O4 | G96: -162100.46 | H96: CUO#1; GAS#1; SPINEL#1 | I96: SPINEL#1 | J96: -162103.12 | K96: -33912.573 | L96: -172813.3 | M96: -271031.87 | N96: -271.03187
A97: 850 | B97: 576.85 | C97: FeO | D97: CuFe2O4 | E97: copper ferrite spinel | F97: Cu + 2FeO + O2 -> CuFe2O4 | G97: -164531.68 | H97: CUO#1; GAS#1; SPINEL#1 | I97: SPINEL#1 | J97: -164537.26 | K97: -36899.716 | L97: -184655.76 | M97: -262714.14 | N97: -262.71414
A98: 900 | B98: 626.85 | C98: FeO | D98: CuFe2O4 | E98: copper ferrite spinel | F98: Cu + 2FeO + O2 -> CuFe2O4 | G98: -167047.7 | H98: CUO#1; GAS#1; SPINEL#1 | I98: SPINEL#1 | J98: -167058.82 | K98: -39969.026 | L98: -196598.46 | M98: -253638.98 | N98: -253.63898
A99: 950 | B99: 676.85 | C99: FeO | D99: CuFe2O4 | E99: copper ferrite spinel | F99: Cu + 2FeO + O2 -> CuFe2O4 | G99: -169644.25 | H99: CUO#1; GAS#1; SPINEL#1 | I99: SPINEL#1 | J99: -169665.25 | K99: -43116.531 | L99: -208636.66 | M99: -244633.46 | N99: -244.63346
A100: 1000 | B100: 726.85 | C100: FeO | D100: CuFe2O4 | E100: copper ferrite spinel | F100: Cu + 2FeO + O2 -> CuFe2O4 | G100: -172317.53 | H100: CUO#1; GAS#1; SPINEL#1 | I100: SPINEL#1 | J100: -172355.29 | K100: -46338.663 | L100: -220766.04 | M100: -235692.71 | N100: -235.69271
A101: 1050 | B101: 776.85 | C101: FeO | D101: CuFe2O4 | E101: copper ferrite spinel | F101: Cu + 2FeO + O2 -> CuFe2O4 | G101: -175064.17 | H101: CUO#1; GAS#1; SPINEL#1 | I101: SPINEL#1 | J101: -175128.95 | K101: -49632.202 | L101: -232982.65 | M101: -226812.18 | N101: -226.81218
A102: 1100 | B102: 826.85 | C102: FeO | D102: CuFe2O4 | E102: copper ferrite spinel | F102: Cu + 2FeO + O2 -> CuFe2O4 | G102: -177881.17 | H102: CUO#1; GAS#1; SPINEL#1 | I102: SPINEL#1 | J102: -177987.48 | K102: -52994.231 | L102: -245282.87 | M102: -217989.72 | N102: -217.98972
A103: 1150 | B103: 876.85 | C103: FeO | D103: CuFe2O4 | E103: copper ferrite spinel | F103: Cu + 2FeO + O2 -> CuFe2O4 | G103: -180765.91 | H103: CUO#1; GAS#1; SPINEL#1 | I103: SPINEL#1 | J103: -180933.23 | K103: -56422.1 | L103: -257663.37 | M103: -209224.61 | N103: -209.22461
A104: 1200 | B104: 926.85 | C104: FeO | D104: CuFe2O4 | E104: copper ferrite spinel | F104: Cu + 2FeO + O2 -> CuFe2O4 | G104: -183716.04 | H104: CUO#1; GAS#1; SPINEL#1 | I104: SPINEL#1 | J104: -183969.29 | K104: -59913.4 | L104: -270121.08 | M104: -200513.53 | N104: -200.51353
A105: 1250 | B105: 976.85 | C105: FeO | D105: CuFe2O4 | E105: copper ferrite spinel | F105: Cu + 2FeO + O2 -> CuFe2O4 | G105: -186729.5 | H105: CUO#1; GAS#1; SPINEL#1 | I105: SPINEL#1 | J105: -187099.09 | K105: -63465.945 | L105: -282653.14 | M105: -191857.94 | N105: -191.85794
A106: 1300 | B106: 1026.85 | C106: FeO | D106: CuFe2O4 | E106: copper ferrite spinel | F106: Cu + 2FeO + O2 -> CuFe2O4 | G106: -189804.46 | H106: CUO#1; GAS#1; SPINEL#1 | I106: SPINEL#1 | J106: -190325.72 | K106: -67077.645 | L106: -295256.91 | M106: -183259.21 | N106: -183.25921
A107: 1350 | B107: 1076.85 | C107: FeO | D107: CuFe2O4 | E107: copper ferrite spinel | F107: Cu + 2FeO + O2 -> CuFe2O4 | G107: -192939.27 | H107: CUO#1; GAS#1; SPINEL#1 | I107: SPINEL#1 | J107: -193651.21 | K107: -70746.384 | L107: -307929.93 | M107: -174717.43 | N107: -174.71743
... A114: 1700 | B114: 1426.85 | C114: FeO | D114: CuFe2O4 | E114: copper ferrite spinel | F114: Cu + 2FeO + O2 -> CuFe2O4 | G114: -218074.4 | H114: GAS#1; IONIC_LIQ#2; SPINEL#1 | I114: SPINEL#1 | J114: -229645.08 | K114: -101277.92 | L114: -398406.06 | M114: -122290.5 | N114: -122.2905
A115: 1750 | B115: 1476.85 | C115: FeO | D115: CuFe2O4 | E115: copper ferrite spinel | F115: Cu + 2FeO + O2 -> CuFe2O4 | G115: -222375.52 | H115: GAS#1; IONIC_LIQ#2 | K115: -105846.84 | L115: -411562.37 | M115: -116776.72 | N115: -116.77672
A116: 1800 | B116: 1526.85 | C116: FeO | D116: CuFe2O4 | E116: copper ferrite spinel | F116: Cu + 2FeO + O2 -> CuFe2O4 | G116: -226811.19 | H116: GAS#1; IONIC_LIQ#2 | K116: -110460.6 | L116: -424772.08 | M116: -111880.3 | N116: -111.8803
A117: 1850 | B117: 1576.85 | C117: FeO | D117: CuFe2O4 | E117: copper ferrite spinel | F117: Cu + 2FeO + O2 -> CuFe2O4 | G117: -231322.16 | H117: GAS#1; IONIC_LIQ#2 | K117: -115117.93 | L117: -438034.03 | M117: -107179.28 | N117: -107.17928
A118: 1900 | B118: 1626.85 | C118: FeO | D118: CuFe2O4 | E118: copper ferrite spinel | F118: Cu + 2FeO + O2 -> CuFe2O4 | G118: -235907.29 | H118: GAS#1; IONIC_LIQ#2 | K118: -119817.68 | L118: -451347.16 | M118: -102693.78 | N118: -102.69378
A119: 800 | B119: 526.85 | C119: V2O5 | D119: CuV2O6 | E119: copper vanadate | F119: Cu + V2O5 + 0.5 O2 -> CuV2O6 | G119: -211173.05 | H119: CUO#1; V2O5#1 | K119: -33912.573 | L119: -172813.3 | M119: -83285.731 | N119: -83.285731
...

Sheet dG_Top6
A1: RAW TC-PYTHON — Fine-resolution ΔG vs T for top 6 candidates
A2: 25 K steps for higher resolution than the 50 K screening grid. Source for the dG_vs_T_top6.png figure on the Dashboard.
A3: T_K | B3: T_C | C3: product | D3: product_name | E3: oxide | F3: reaction | G3: GM_system_product | H3: stable_phases | I3: ternary_phase_found | J3: GM_ternary_phase | K3: G_Cu_metal | L3: G_O2 | M3: dG_rxn_system_J | N3: dG_rxn_system_kJ | O3: notes
A4: 800 | B4: 526.85 | C4: CuFe2O4 | D4: copper ferrite spinel | E4: FeO | F4: Cu + 2FeO + O2 -> CuFe2O4 | G4: -162100.46 | H4: CUO#1; GAS#1; SPINEL#1 | I4: SPINEL#1 | J4: -162103.12 | K4: -33912.573 | L4: -172813.3 | M4: -271031.87 | N4: -271.03187
A5: 825 | B5: 551.85 | C5: CuFe2O4 | D5: copper ferrite spinel | E5: FeO | F5: Cu + 2FeO + O2 -> CuFe2O4 | G5: -163305.18 | H5: CUO#1; GAS#1; SPINEL#1 | I5: SPINEL#1 | J5: -163309.06 | K5: -35395.607 | L5: -178721.69 | M5: -267093.29 | N5: -267.09329
A6: 850 | B6: 576.85 | C6: CuFe2O4 | D6: copper ferrite spinel | E6: FeO | F6: Cu + 2FeO + O2 -> CuFe2O4 | G6: -164531.68 | H6: CUO#1; GAS#1; SPINEL#1 | I6: SPINEL#1 | J6: -164537.26 | K6: -36899.716 | L6: -184655.76 | M6: -262714.14 | N6: -262.71414
A7: 875 | B7: 601.85 | C7: CuFe2O4 | D7: copper ferrite spinel | E7: FeO | F7: Cu + 2FeO + O2 -> CuFe2O4 | G7: -165779.36 | H7: CUO#1; GAS#1; SPINEL#1 | I7: SPINEL#1 | J7: -165787.3 | K7: -38424.359 | L7: -190614.89 | M7: -258167.53 | N7: -258.16753
A8: 900 | B8: 626.85 | C8: CuFe2O4 | D8: copper ferrite spinel | E8: FeO | F8: Cu + 2FeO + O2 -> CuFe2O4 | G8: -167047.7 | H8: CUO#1; GAS#1; SPINEL#1 | I8: SPINEL#1 | J8: -167058.82 | K8: -39969.026 | L8: -196598.46 | M8: -253638.98 | N8: -253.63898
A9: 925 | B9: 651.85 | C9: CuFe2O4 | D9: copper ferrite spinel | E9: FeO | F9: Cu + 2FeO + O2 -> CuFe2O4 | G9: -168336.15 | H9: CUO#1; GAS#1; SPINEL#1 | I9: SPINEL#1 | J9: -168351.53 | K9: -41533.236 | L9: -202605.91 | M9: -249127.85 | N9: -249.12785
A10: 950 | B10: 676.85 | C10: CuFe2O4 | D10: copper ferrite spinel | E10: FeO | F10: Cu + 2FeO + O2 -> CuFe2O4 | G10: -169644.25 | H10: CUO#1; GAS#1; SPINEL#1 | I10: SPINEL#1 | J10: -169665.25 | K10: -43116.531 | L10: -208636.66 | M10: -244633.46 | N10: -244.63346
A11: 975 | B11: 701.85 | C11: CuFe2O4 | D11: copper ferrite spinel | E11: FeO | F11: Cu + 2FeO + O2 -> CuFe2O4 | G11: -170971.51 | H11: CUO#1; GAS#1; SPINEL#1 | I11: SPINEL#1 | J11: -170999.85 | K11: -44718.478 | L11: -214690.21 | M11: -240155.27 | N11: -240.15527
A12: 1000 | B12: 726.85 | C12: CuFe2O4 | D12: copper ferrite spinel | E12: FeO | F12: Cu + 2FeO + O2 -> CuFe2O4 | G12: -172317.53 | H12: CUO#1; GAS#1; SPINEL#1 | I12: SPINEL#1 | J12: -172355.29 | K12: -46338.663 | L12: -220766.04 | M12: -235692.71 | N12: -235.69271
A13: 1025 | B13: 751.85 | C13: CuFe2O4 | D13: copper ferrite spinel | E13: FeO | F13: Cu + 2FeO + O2 -> CuFe2O4 | G13: -173681.87 | H13: CUO#1; GAS#1; SPINEL#1 | I13: SPINEL#1 | J13: -173731.62 | K13: -47976.696 | L13: -226863.68 | M13: -231245.18 | N13: -231.24518
A14: 1050 | B14: 776.85 | C14: CuFe2O4 | D14: copper ferrite spinel | E14: FeO | F14: Cu + 2FeO + O2 -> CuFe2O4 | G14: -175064.17 | H14: CUO#1; GAS#1; SPINEL#1 | I14: SPINEL#1 | J14: -175128.95 | K14: -49632.202 | L14: -232982.65 | M14: -226812.18 | N14: -226.81218
A15: 1075 | B15: 801.85 | C15: CuFe2O4 | D15: copper ferrite spinel | E15: FeO | F15: Cu + 2FeO + O2 -> CuFe2O4 | G15: -176464.05 | H15: CUO#1; GAS#1; SPINEL#1 | I15: SPINEL#1 | J15: -176547.48 | K15: -51304.827 | L15: -239122.52 | M15: -222393.72 | N15: -222.39372
... A41: 1725 | B41: 1451.85 | C41: CuFe2O4 | D41: copper ferrite spinel | E41: FeO | F41: Cu + 2FeO + O2 -> CuFe2O4 | G41: -220190.03 | H41: GAS#1; IONIC_LIQ#2; SPINEL#1 | I41: SPINEL#1 | J41: -232501.58 | K41: -103556.7 | L41: -404977.46 | M41: -119330.28 | N41: -119.33028
A42: 1750 | B42: 1476.85 | C42: CuFe2O4 | D42: copper ferrite spinel | E42: FeO | F42: Cu + 2FeO + O2 -> CuFe2O4 | G42: -222375.52 | H42: GAS#1; IONIC_LIQ#2 | K42: -105846.84 | L42: -411562.37 | M42: -116776.72 | N42: -116.77672
A43: 1775 | B43: 1501.85 | C43: CuFe2O4 | D43: copper ferrite spinel | E43: FeO | F43: Cu + 2FeO + O2 -> CuFe2O4 | G43: -224583.88 | H43: GAS#1; IONIC_LIQ#2 | K43: -108148.19 | L43: -418160.62 | M43: -114302.15 | N43: -114.30215
A44: 1800 | B44: 1526.85 | C44: CuFe2O4 | D44: copper ferrite spinel | E44: FeO | F44: Cu + 2FeO + O2 -> CuFe2O4 | G44: -226811.19 | H44: GAS#1; IONIC_LIQ#2 | K44: -110460.6 | L44: -424772.08 | M44: -111880.3 | N44: -111.8803
A45: 1825 | B45: 1551.85 | C45: CuFe2O4 | D45: copper ferrite spinel | E45: FeO | F45: Cu + 2FeO + O2 -> CuFe2O4 | G45: -229057.33 | H45: GAS#1; IONIC_LIQ#2 | K45: -112783.89 | L45: -431396.59 | M45: -109503.03 | N45: -109.50303
A46: 1850 | B46: 1576.85 | C46: CuFe2O4 | D46: copper ferrite spinel | E46: FeO | F46: Cu + 2FeO + O2 -> CuFe2O4 | G46: -231322.16 | H46: GAS#1; IONIC_LIQ#2 | K46: -115117.93 | L46: -438034.03 | M46: -107179.28 | N46: -107.17928
A47: 1875 | B47: 1601.85 | C47: CuFe2O4 | D47: copper ferrite spinel | E47: FeO | F47: Cu + 2FeO + O2 -> CuFe2O4 | G47: -233605.53 | H47: GAS#1; IONIC_LIQ#2 | K47: -117462.58 | L47: -444684.26 | M47: -104909.55 | N47: -104.90955
A48: 1900 | B48: 1626.85 | C48: CuFe2O4 | D48: copper ferrite spinel | E48: FeO | F48: Cu + 2FeO + O2 -> CuFe2O4 | G48: -235907.29 | H48: GAS#1; IONIC_LIQ#2 | K48: -119817.68 | L48: -451347.16 | M48: -102693.78 | N48: -102.69378
A49: 800 | B49: 526.85 | C49: Cu3V2O8 | D49: copper orthovanadate | E49: V2O5 | F49: 3Cu + V2O5 + 1.5 O2 -> Cu3V2O8 | G49: -177465.02 | H49: CUO#1; V2O5#1 | K49: -33912.573 | L49: -172813.3 | M49: -249135.07 | N49: -249.13507
A50: 825 | B50: 551.85 | C50: Cu3V2O8 | D50: copper orthovanadate | E50: V2O5 | F50: 3Cu + V2O5 + 1.5 O2 -> Cu3V2O8 | G50: -178538.67 | H50: CUO#1; V2O5#1 | K50: -35395.607 | L50: -178721.69 | M50: -242720.2 | N50: -242.7202
A51: 850 | B51: 576.85 | C51: Cu3V2O8 | D51: copper orthovanadate | E51: V2O5 | F51: 3Cu + V2O5 + 1.5 O2 -> Cu3V2O8 | G51: -179631.8 | H51: CUO#1; V2O5#1 | K51: -36899.716 | L51: -184655.76 | M51: -236325.44 | N51: -236.32544
A52: 875 | B52: 601.85 | C52: Cu3V2O8 | D52: copper orthovanadate | E52: V2O5 | F52: 3Cu + V2O5 + 1.5 O2 -> Cu3V2O8 | G52: -180743.99 | H52: CUO#1; V2O5#1 | K52: -38424.359 | L52: -190614.89 | M52: -229950.29 | N52: -229.95029
A53: 900 | B53: 626.85 | C53: Cu3V2O8 | D53: copper orthovanadate | E53: V2O5 | F53: 3Cu + V2O5 + 1.5 O2 -> Cu3V2O8 | G53: -181874.86 | H53: CUO#1; V2O5#1 | K53: -39969.026 | L53: -196598.46 | M53: -223594.32 | N53: -223.59432
... A58: 1025 | B58: 751.85 | C58: Cu3V2O8 | D58: copper orthovanadate | E58: V2O5 | F58: 3Cu + V2O5 + 1.5 O2 -> Cu3V2O8 | G58: -188209.23 | H58: CUO#1; GAS#1; IONIC_LIQ#2 | K58: -47976.696 | L58: -226863.68 | M58: -192532.53 | N58: -192.53253
A59: 1050 | B59: 776.85 | C59: Cu3V2O8 | D59: copper orthovanadate | E59: V2O5 | F59: 3Cu + V2O5 + 1.5 O2 -> Cu3V2O8 | G59: -189589.55 | H59: CUO#1; GAS#1; IONIC_LIQ#2 | K59: -49632.202 | L59: -232982.65 | O59: No binary oxide reference
A60: 1075 | B60: 801.85 | C60: Cu3V2O8 | D60: copper orthovanadate | E60: V2O5 | F60: 3Cu + V2O5 + 1.5 O2 -> Cu3V2O8 | G60: -190990.72 | H60: CUO#1; GAS#1; IONIC_LIQ#2 | K60: -51304.827 | L60: -239122.52 | M60: -180416.97 | N60: -180.41697
A61: 1100 | B61: 826.85 | C61: Cu3V2O8 | D61: copper orthovanadate | E61: V2O5 | F61: 3Cu + V2O5 + 1.5 O2 -> Cu3V2O8 | G61: -192413.75 | H61: CUO#1; GAS#1; IONIC_LIQ#2 | K61: -52994.231 | L61: -245282.87 | M61: -174473.4 | N61: -174.4734
A62: 1125 | B62: 851.85 | C62: Cu3V2O8 | D62: copper orthovanadate | E62: V2O5 | F62: 3Cu + V2O5 + 1.5 O2 -> Cu3V2O8 | G62: -193860.18 | H62: CUO#1; GAS#1; IONIC_LIQ#2 | K62: -54700.091 | L62: -251463.29 | M62: -168633.26 | N62: -168.63326
A63: 1150 | B63: 876.85 | C63: Cu3V2O8 | D63: copper orthovanadate | E63: V2O5 | F63: 3Cu + V2O5 + 1.5 O2 -> Cu3V2O8 | G63: -195332.33 | H63: CUO#1; GAS#1; IONIC_LIQ#2 | K63: -56422.1 | L63: -257663.37 | M63: -162928.29 | N63: -162.92829
A64: 1175 | B64: 901.85 | C64: Cu3V2O8 | D64: copper orthovanadate | E64: V2O5 | F64: 3Cu + V2O5 + 1.5 O2 -> Cu3V2O8 | G64: -196833.65 | H64: CUO#1; GAS#1; IONIC_LIQ#2 | K64: -58159.963 | L64: -263882.76 | M64: -157405.01 | N64: -157.40501
A65: 1200 | B65: 926.85 | C65: Cu3V2O8 | D65: copper orthovanadate | E65: V2O5 | F65: 3Cu + V2O5 + 1.5 O2 -> Cu3V2O8 | G65: -198369.44 | H65: CUO#1; GAS#1; IONIC_LIQ#2 | K65: -59913.4 | L65: -270121.08 | M65: -152133.09 | N65: -152.13309
A66: 1225 | B66: 951.85 | C66: Cu3V2O8 | D66: copper orthovanadate | E66: V2O5 | F66: 3Cu + V2O5 + 1.5 O2 -> Cu3V2O8 | G66: -199947.91 | H66: CUO#1; GAS#1; IONIC_LIQ#2 | K66: -61682.146 | L66: -276377.98 | O66: No binary oxide reference
A67: 1250 | B67: 976.85 | C67: Cu3V2O8 | D67: copper orthovanadate | E67: V2O5 | F67: 3Cu + V2O5 + 1.5 O2 -> Cu3V2O8 | G67: -201582.36 | H67: CUO#1; GAS#1; IONIC_LIQ#2 | K67: -63465.945 | L67: -282653.14 | M67: -142839.48 | N67: -142.83948
A68: 1275 | B68: 1001.85 | C68: Cu3V2O8 | D68: copper orthovanadate | E68: V2O5 | F68: 3Cu + V2O5 + 1.5 O2 -> Cu3V2O8 | G68: -203295.67 | H68: CUO#1; GAS#1; IONIC_LIQ#2 | K68: -65264.544 | L68: -288946.22 | O68: No binary oxide reference
A69: 1300 | B69: 1026.85 | C69: Cu3V2O8 | D69: copper orthovanadate | E69: V2O5 | F69: 3Cu + V2O5 + 1.5 O2 -> Cu3V2O8 | G69: -205131.27 | H69: CUO#1; GAS#1; IONIC_LIQ#2 | K69: -67077.645 | L69: -295256.91 | O69: No binary oxide reference
A70: 1325 | B70: 1051.85 | C70: Cu3V2O8 | D70: copper orthovanadate | E70: V2O5 | F70: 3Cu + V2O5 + 1.5 O2 -> Cu3V2O8 | G70: -207089.12 | H70: GAS#1; IONIC_LIQ#2 | K70: -68905.001 | L70: -301584.91 | O70: No binary oxide reference
A71: 1350 | B71: 1076.85 | C71: Cu3V2O8 | D71: copper orthovanadate | E71: V2O5 | F71: 3Cu + V2O5 + 1.5 O2 -> Cu3V2O8 | G71: -209064.49 | H71: GAS#1; IONIC_LIQ#2 | K71: -70746.384 | L71: -307929.93 | M71: -135641.75 | N71: -135.64175
A72: 1375 | B72: 1101.85 | C72: Cu3V2O8 | D72: copper orthovanadate | E72: V2O5 | F72: 3Cu + V2O5 + 1.5 O2 -> Cu3V2O8 | G72: -211054.89 | H72: GAS#1; IONIC_LIQ#2 | K72: -72772.069 | L72: -314291.69 | M72: -134400.8 | N72: -134.4008
A73: 1400 | B73: 1126.85 | C73: Cu3V2O8 | D73: copper orthovanadate | E73: V2O5 | F73: 3Cu + V2O5 + 1.5 O2 -> Cu3V2O8 | G73: -213060.34 | H73: GAS#1; IONIC_LIQ#2 | K73: -74885.756 | L73: -320669.92 | M73: -132936.28 | N73: -132.93628
A74: 1425 | B74: 1151.85 | C74: Cu3V2O8 | D74: copper orthovanadate | E74: V2O5 | F74: 3Cu + V2O5 + 1.5 O2 -> Cu3V2O8 | G74: -215080.85 | H74: GAS#1; IONIC_LIQ#2 | K74: -77013.451 | L74: -327064.36 | M74: -131469.34 | N74: -131.46934
A75: 1450 | B75: 1176.85 | C75: Cu3V2O8 | D75: copper orthovanadate | E75: V2O5 | F75: 3Cu + V2O5 + 1.5 O2 -> Cu3V2O8 | G75: -217116.43 | H75: GAS#1; IONIC_LIQ#2 | K75: -79154.908 | L75: -333474.75 | M75: -129999.94 | N75: -129.99994
A76: 1475 | B76: 1201.85 | C76: Cu3V2O8 | D76: copper orthovanadate | E76: V2O5 | F76: 3Cu + V2O5 + 1.5 O2 -> Cu3V2O8 | G76: -219167.06 | H76: GAS#1; IONIC_LIQ#2 | K76: -81309.892 | L76: -339900.85 | M76: -128528.03 | N76: -128.52803
A77: 1500 | B77: 1226.85 | C77: Cu3V2O8 | D77: copper orthovanadate | E77: V2O5 | F77: 3Cu + V2O5 + 1.5 O2 -> Cu3V2O8 | G77: -221232.76 | H77: GAS#1; IONIC_LIQ#2 | K77: -83478.171 | L77: -346342.42 | M77: -127053.56 | N77: -127.05356
A78: 1525 | B78: 1251.85 | C78: Cu3V2O8 | D78: copper orthovanadate | E78: V2O5 | F78: 3Cu + V2O5 + 1.5 O2 -> Cu3V2O8 | G78: -223313.49 | H78: GAS#1; IONIC_LIQ#2 | K78: -85659.525 | L78: -352799.23 | M78: -125576.51 | N78: -125.57651
A79: 1550 | B79: 1276.85 | C79: Cu3V2O8 | D79: copper orthovanadate | E79: V2O5 | F79: 3Cu + V2O5 + 1.5 O2 -> Cu3V2O8 | G79: -225409.23 | H79: GAS#1; IONIC_LIQ#2 | K79: -87853.74 | L79: -359271.07 | M79: -124096.84 | N79: -124.09684
A80: 1575 | B80: 1301.85 | C80: Cu3V2O8 | D80: copper orthovanadate | E80: V2O5 | F80: 3Cu + V2O5 + 1.5 O2 -> Cu3V2O8 | G80: -227519.92 | H80: GAS#1; IONIC_LIQ#2 | K80: -90060.607 | L80: -365757.71 | M80: -122614.53 | N80: -122.61453
A81: 1600 | B81: 1326.85 | C81: Cu3V2O8 | D81: copper orthovanadate | E81: V2O5 | F81: 3Cu + V2O5 + 1.5 O2 -> Cu3V2O8 | G81: -229645.51 | H81: GAS#1; IONIC_LIQ#2 | K81: -92279.926 | L81: -372258.95 | M81: -121129.56 | N81: -121.12956
A82: 1625 | B82: 1351.85 | C82: Cu3V2O8 | D82: copper orthovanadate | E82: V2O5 | F82: 3Cu + V2O5 + 1.5 O2 -> Cu3V2O8 | G82: -231785.92 | H82: GAS#1; IONIC_LIQ#2 | K82: -94511.503 | L82: -378774.6 | M82: -119641.91 | N82: -119.64191
A83: 1650 | B83: 1376.85 | C83: Cu3V2O8 | D83: copper orthovanadate | E83: V2O5 | F83: 3Cu + V2O5 + 1.5 O2 -> Cu3V2O8 | G83: -233941.04 | H83: GAS#1; IONIC_LIQ#2 | K83: -96755.148 | L83: -385304.46 | M83: -118151.57 | N83: -118.15157
A84: 1675 | B84: 1401.85 | C84: Cu3V2O8 | D84: copper orthovanadate | E84: V2O5 | F84: 3Cu + V2O5 + 1.5 O2 -> Cu3V2O8 | G84: -236110.78 | H84: GAS#1; IONIC_LIQ#2 | K84: -99010.68 | L84: -391848.34 | O84: No binary oxide reference
A85: 1700 | B85: 1426.85 | C85: Cu3V2O8 | D85: copper orthovanadate | E85: V2O5 | F85: 3Cu + V2O5 + 1.5 O2 -> Cu3V2O8 | G85: -238295 | H85: GAS#1; IONIC_LIQ#2 | K85: -101277.92 | L85: -398406.06 | M85: -115162.85 | N85: -115.16285
A86: 1725 | B86: 1451.85 | C86: Cu3V2O8 | D86: copper orthovanadate | E86: V2O5 | F86: 3Cu + V2O5 + 1.5 O2 -> Cu3V2O8 | G86: -240493.56 | H86: GAS#1; IONIC_LIQ#2 | K86: -103556.7 | L86: -404977.46 | M86: -113664.49 | N86: -113.66449
A87: 1750 | B87: 1476.85 | C87: Cu3V2O8 | D87: copper orthovanadate | E87: V2O5 | F87: 3Cu + V2O5 + 1.5 O2 -> Cu3V2O8 | G87: -242706.31 | H87: GAS#1; IONIC_LIQ#2 | K87: -105846.84 | L87: -411562.37 | M87: -112163.49 | N87: -112.16349
A88: 1775 | B88: 1501.85 | C88: Cu3V2O8 | D88: copper orthovanadate | E88: V2O5 | F88: 3Cu + V2O5 + 1.5 O2 -> Cu3V2O8 | G88: -244933.09 | H88: GAS#1; IONIC_LIQ#2 | K88: -108148.19 | L88: -418160.62 | M88: -110659.89 | N88: -110.65989
A89: 1800 | B89: 1526.85 | C89: Cu3V2O8 | D89: copper orthovanadate | E89: V2O5 | F89: 3Cu + V2O5 + 1.5 O2 -> Cu3V2O8 | G89: -247173.71 | H89: GAS#1; IONIC_LIQ#2 | K89: -110460.6 | L89: -424772.08 | M89: -109153.74 | N89: -109.15374
A90: 1825 | B90: 1551.85 | C90: Cu3V2O8 | D90: copper orthovanadate | E90: V2O5 | F90: 3Cu + V2O5 + 1.5 O2 -> Cu3V2O8 | G90: -249428.02 | H90: GAS#1; IONIC_LIQ#2 | K90: -112783.89 | L90: -431396.59 | M90: -107645.11 | N90: -107.64511
A91: 1850 | B91: 1576.85 | C91: Cu3V2O8 | D91: copper orthovanadate | E91: V2O5 | F91: 3Cu + V2O5 + 1.5 O2 -> Cu3V2O8 | G91: -251696.13 | H91: GAS#1; IONIC_LIQ#2 | K91: -115117.93 | L91: -438034.03 | M91: -106134.07 | N91: -106.13407
A92: 1875 | B92: 1601.85 | C92: Cu3V2O8 | D92: copper orthovanadate | E92: V2O5 | F92: 3Cu + V2O5 + 1.5 O2 -> Cu3V2O8 | G92: -253977.99 | H92: GAS#1; IONIC_LIQ#2 | K92: -117462.58 | L92: -444684.26 | M92: -104620.75 | N92: -104.62075
A93: 1900 | B93: 1626.85 | C93: Cu3V2O8 | D93: copper orthovanadate | E93: V2O5 | F93: 3Cu + V2O5 + 1.5 O2 -> Cu3V2O8 | G93: -256273.45 | H93: GAS#1; IONIC_LIQ#2 | K93: -119817.68 | L93: -451347.16 | M93: -103105.28 | N93: -103.10528
A94: 800 | B94: 526.85 | C94: CuMn2O4 | D94: copper manganite spinel | E94: MnO | F94: Cu + 2MnO + O2 -> CuMn2O4 | G94: -185659.69 | H94: DELAFOSSITE#1; SPINEL#1 | I94: SPINEL#1 | J94: -185659.69 | K94: -33912.573 | L94: -172813.3 | M94: -197656.67 | N94: -197.65667
A95: 825 | B95: 551.85 | C95: CuMn2O4 | D95: copper manganite spinel | E95: MnO | F95: Cu + 2MnO + O2 -> CuMn2O4 | G95: -186835.04 | H95: DELAFOSSITE#1; SPINEL#1 | I95: SPINEL#1 | J95: -186835.04 | K95: -35395.607 | L95: -178721.69 | M95: -193097.73 | N95: -193.09773
A96: 850 | B96: 576.85 | C96: CuMn2O4 | D96: copper manganite spinel | E96: MnO | F96: Cu + 2MnO + O2 -> CuMn2O4 | G96: -188031.9 | H96: DELAFOSSITE#1; SPINEL#1 | I96: SPINEL#1 | J96: -188031.9 | K96: -36899.716 | L96: -184655.76 | M96: -188562.91 | N96: -188.56291
A97: 875 | B97: 601.85 | C97: CuMn2O4 | D97: copper manganite spinel | E97: MnO | F97: Cu + 2MnO + O2 -> CuMn2O4 | G97: -189249.73 | H97: DELAFOSSITE#1; SPINEL#1 | I97: SPINEL#1 | J97: -189249.73 | K97: -38424.359 | L97: -190614.89 | M97: -184051.75 | N97: -184.05175
A98: 900 | B98: 626.85 | C98: CuMn2O4 | D98: copper manganite spinel | E98: MnO | F98: Cu + 2MnO + O2 -> CuMn2O4 | G98: -190488.05 | H98: DELAFOSSITE#1; SPINEL#1 | I98: SPINEL#1 | J98: -190488.05 | K98: -39969.026 | L98: -196598.46 | M98: -179563.74 | N98: -179.56374
A99: 925 | B99: 651.85 | C99: CuMn2O4 | D99: copper manganite spinel | E99: MnO | F99: Cu + 2MnO + O2 -> CuMn2O4 | G99: -191746.38 | H99: DELAFOSSITE#1; SPINEL#1 | I99: SPINEL#1 | J99: -191746.38 | K99: -41533.236 | L99: -202605.91 | M99: -175098.38 | N99: -175.09838
A100: 950 | B100: 676.85 | C100: CuMn2O4 | D100: copper manganite spinel | E100: MnO | F100: Cu + 2MnO + O2 -> CuMn2O4 | G100: -193024.24 | H100: SPINEL#1 | I100: SPINEL#1 | J100: -193024.24 | K100: -43116.531 | L100: -208636.66 | M100: -170655.13 | N100: -170.65513
A101: 975 | B101: 701.85 | C101: CuMn2O4 | D101: copper manganite spinel | E101: MnO | F101: Cu + 2MnO + O2 -> CuMn2O4 | G101: -194321.19 | H101: SPINEL#1 | I101: SPINEL#1 | J101: -194321.19 | K101: -44718.478 | L101: -214690.21 | M101: -166233.5 | N101: -166.2335
A102: 1000 | B102: 726.85 | C102: CuMn2O4 | D102: copper manganite spinel | E102: MnO | F102: Cu + 2MnO + O2 -> CuMn2O4 | G102: -195636.83 | H102: SPINEL#1 | I102: SPINEL#1 | J102: -195636.83 | K102: -46338.663 | L102: -220766.04 | M102: -161832.98 | N102: -161.83298
A103: 1025 | B103: 751.85 | C103: CuMn2O4 | D103: copper manganite spinel | E103: MnO | F103: Cu + 2MnO + O2 -> CuMn2O4 | G103: -196970.73 | H103: SPINEL#1 | I103: SPINEL#1 | J103: -196970.73 | K103: -47976.696 | L103: -226863.68 | M103: -157453.05 | N103: -157.45305
A104: 1050 | B104: 776.85 | C104: CuMn2O4 | D104: copper manganite spinel | E104: MnO | F104: Cu + 2MnO + O2 -> CuMn2O4 | G104: -198322.51 | H104: SPINEL#1 | I104: SPINEL#1 | J104: -198322.51 | K104: -49632.202 | L104: -232982.65 | M104: -153093.22 | N104: -153.09322
A105: 1075 | B105: 801.85 | C105: CuMn2O4 | D105: copper manganite spinel | E105: MnO | F105: Cu + 2MnO + O2 -> CuMn2O4 | G105: -199691.8 | H105: SPINEL#1 | I105: SPINEL#1 | J105: -199691.8 | K105: -51304.827 | L105: -239122.52 | M105: -148753.02 | N105: -148.75302
... A131: 1725 | B131: 1451.85 | C131: CuMn2O4 | D131: copper manganite spinel | E131: MnO | F131: Cu + 2MnO + O2 -> CuMn2O4 | G131: -244298.16 | H131: GAS#1; IONIC_LIQ#2; SPINEL#1 | I131: SPINEL#1 | J131: -275551.28 | K131: -103556.7 | L131: -404977.46 | M131: -64431.384 | N131: -64.431384
A132: 1750 | B132: 1476.85 | C132: CuMn2O4 | D132: copper manganite spinel | E132: MnO | F132: Cu + 2MnO + O2 -> CuMn2O4 | G132: -246635.52 | H132: GAS#1; IONIC_LIQ#2 | K132: -105846.84 | L132: -411562.37 | M132: -64398.131 | N132: -64.398131
A133: 1775 | B133: 1501.85 | C133: CuMn2O4 | D133: copper manganite spinel | E133: MnO | F133: Cu + 2MnO + O2 -> CuMn2O4 | G133: -248988.69 | H133: GAS#1; IONIC_LIQ#2 | K133: -108148.19 | L133: -418160.62 | M133: -64407.851 | N133: -64.407851
A134: 1800 | B134: 1526.85 | C134: CuMn2O4 | D134: copper manganite spinel | E134: MnO | F134: Cu + 2MnO + O2 -> CuMn2O4 | G134: -251354.99 | H134: GAS#1; IONIC_LIQ#2 | K134: -110460.6 | L134: -424772.08 | M134: -64442.552 | N134: -64.442552
A135: 1825 | B135: 1551.85 | C135: CuMn2O4 | D135: copper manganite spinel | E135: MnO | F135: Cu + 2MnO + O2 -> CuMn2O4 | G135: -253734.21 | H135: GAS#1; IONIC_LIQ#2 | K135: -112783.89 | L135: -431396.59 | M135: -64501.373 | N135: -64.501373
A136: 1850 | B136: 1576.85 | C136: CuMn2O4 | D136: copper manganite spinel | E136: MnO | F136: Cu + 2MnO + O2 -> CuMn2O4 | G136: -256126.12 | H136: GAS#1; IONIC_LIQ#2 | K136: -115117.93 | L136: -438034.03 | M136: -64583.471 | N136: -64.583471
A137: 1875 | B137: 1601.85 | C137: CuMn2O4 | D137: copper manganite spinel | E137: MnO | F137: Cu + 2MnO + O2 -> CuMn2O4 | G137: -258530.5 | H137: GAS#1; IONIC_LIQ#2 | K137: -117462.58 | L137: -444684.26 | M137: -64688.02 | N137: -64.68802
A138: 1900 | B138: 1626.85 | C138: CuMn2O4 | D138: copper manganite spinel | E138: MnO | F138: Cu + 2MnO + O2 -> CuMn2O4 | G138: -260947.16 | H138: GAS#1; IONIC_LIQ#2 | K138: -119817.68 | L138: -451347.16 | M138: -64814.216 | N138: -64.814216
A139: 800 | B139: 526.85 | C139: Cu2SiO4 | D139: copper orthosilicate | E139: SiO2 | F139: 2Cu + SiO2 + O2 -> Cu2SiO4 | G139: -195167.3 | H139: CUO#1; CUPRITE#1; QUARTZ#1 | K139: -33912.573 | L139: -172813.3 | M139: -166050.35 | N139: -166.05035
A140: 825 | B140: 551.85 | C140: Cu2SiO4 | D140: copper orthosilicate | E140: SiO2 | F140: 2Cu + SiO2 + O2 -> Cu2SiO4 | G140: -196184.6 | H140: CUO#1; CUPRITE#1; QUARTZ#1 | K140: -35395.607 | L140: -178721.69 | M140: -161774.44 | N140: -161.77444
A141: 850 | B141: 576.85 | C141: Cu2SiO4 | D141: copper orthosilicate | E141: SiO2 | F141: 2Cu + SiO2 + O2 -> Cu2SiO4 | G141: -197222.31 | H141: CUO#1; CUPRITE#1; QUARTZ#1 | K141: -36899.716 | L141: -184655.76 | M141: -157511.94 | N141: -157.51194
A142: 875 | B142: 601.85 | C142: Cu2SiO4 | D142: copper orthosilicate | E142: SiO2 | F142: 2Cu + SiO2 + O2 -> Cu2SiO4 | G142: -198280.69 | H142: CUO#1; CUPRITE#1; QUARTZ#1 | K142: -38424.359 | L142: -190614.89 | M142: -153262.52 | N142: -153.26252
A143: 900 | B143: 626.85 | C143: Cu2SiO4 | D143: copper orthosilicate | E143: SiO2 | F143: 2Cu + SiO2 + O2 -> Cu2SiO4 | G143: -199357.01 | H143: CUO#1; CUPRITE#1; QUARTZ#1 | K143: -39969.026 | L143: -196598.46 | M143: -149025.88 | N143: -149.02588
... A183: 1900 | B183: 1626.85 | C183: Cu2SiO4 | D183: copper orthosilicate | E183: SiO2 | F183: 2Cu + SiO2 + O2 -> Cu2SiO4 | G183: -264141.18 | H183: CRISTOBALITE#1; GAS#1; IONIC_LIQ#2 | K183: -119817.68 | L183: -451347.16 | M183: -48263.557 | N183: -48.263557
A184: 800 | B184: 526.85 | C184: CuB2O4 | D184: copper borate | E184: B2O3 | F184: Cu + B2O3 + 0.5 O2 -> CuB2O4 | G184: -222815.63 | H184: CU2B4O7#1; CUB2O4#1; CUB8O13#1 | I184: CUB2O4#1 | J184: -222815.63 | K184: -33912.573 | L184: -172813.3 | M184: -96858.042 | N184: -96.858042
A185: 825 | B185: 551.85 | C185: CuB2O4 | D185: copper borate | E185: B2O3 | F185: Cu + B2O3 + 0.5 O2 -> CuB2O4 | G185: -223778.9 | H185: CU2B4O7#1; CUB2O4#1; CUB8O13#1 | I185: CUB2O4#1 | J185: -223778.9 | K185: -35395.607 | L185: -178721.69 | M185: -94686.285 | N185: -94.686285
A186: 850 | B186: 576.85 | C186: CuB2O4 | D186: copper borate | E186: B2O3 | F186: Cu + B2O3 + 0.5 O2 -> CuB2O4 | G186: -224762.21 | H186: CU2B4O7#1; CUB2O4#1; CUB8O13#1 | I186: CUB2O4#1 | J186: -224762.21 | K186: -36899.716 | L186: -184655.76 | M186: -92521.221 | N186: -92.521221
A187: 875 | B187: 601.85 | C187: CuB2O4 | D187: copper borate | E187: B2O3 | F187: Cu + B2O3 + 0.5 O2 -> CuB2O4 | G187: -225764.99 | H187: CU2B4O7#1; CUB2O4#1; CUB8O13#1 | I187: CUB2O4#1 | J187: -225764.99 | K187: -38424.359 | L187: -190614.89 | M187: -90362.684 | N187: -90.362684
A188: 900 | B188: 626.85 | C188: CuB2O4 | D188: copper borate | E188: B2O3 | F188: Cu + B2O3 + 0.5 O2 -> CuB2O4 | G188: -226786.68 | H188: CU2B4O7#1; CUB2O4#1; CUB8O13#1 | I188: CUB2O4#1 | J188: -226786.68 | K188: -39969.026 | L188: -196598.46 | M188: -88210.506 | N188: -88.210506
A189: 925 | B189: 651.85 | C189: CuB2O4 | D189: copper borate | E189: B2O3 | F189: Cu + B2O3 + 0.5 O2 -> CuB2O4 | G189: -227826.74 | H189: CU2B4O7#1; CUB2O4#1; CUB8O13#1 | I189: CUB2O4#1 | J189: -227826.74 | K189: -41533.236 | L189: -202605.91 | M189: -86064.517 | N189: -86.064517
A190: 950 | B190: 676.85 | C190: CuB2O4 | D190: copper borate | E190: B2O3 | F190: Cu + B2O3 + 0.5 O2 -> CuB2O4 | G190: -228884.68 | H190: CU2B4O7#1; CUB2O4#1; CUB8O13#1 | I190: CUB2O4#1 | J190: -228884.68 | K190: -43116.531 | L190: -208636.66 | M190: -83924.531 | N190: -83.924531
A191: 975 | B191: 701.85 | C191: CuB2O4 | D191: copper borate | E191: B2O3 | F191: Cu + B2O3 + 0.5 O2 -> CuB2O4 | G191: -229960.05 | H191: CU2B4O7#1; CUB2O4#1; CUB8O13#1 | I191: CUB2O4#1 | J191: -229960.05 | K191: -44718.478 | L191: -214690.21 | M191: -81790.328 | N191: -81.790328
A192: 1000 | B192: 726.85 | C192: CuB2O4 | D192: copper borate | E192: B2O3 | F192: Cu + B2O3 + 0.5 O2 -> CuB2O4 | G192: -231052.38 | H192: CU2B4O7#1; CUB2O4#1; CUB8O13#1 | I192: CUB2O4#1 | J192: -231052.38 | K192: -46338.663 | L192: -220766.04 | M192: -79661.614 | N192: -79.661614
A193: 1025 | B193: 751.85 | C193: CuB2O4 | D193: copper borate | E193: B2O3 | F193: Cu + B2O3 + 0.5 O2 -> CuB2O4 | G193: -232161.27 | H193: CU2B4O7#1; CUB2O4#1; IONIC_LIQ#2 | I193: CUB2O4#1 | J193: -232161.27 | K193: -47976.696 | L193: -226863.68 | M193: -77537.947 | N193: -77.537947
...

Sheet CuFe2O4_Raw
A1: RAW TC-PYTHON — CuFe₂O₄ decomposition components
A2: Splits total reaction into Cu-capture + Fe-oxidation. See CuFe2O4_DeepDive tab for analysis with formula cells.
A3: T_K | B3: T_C | C3: GM_system_product | D3: stable_phases | E3: spinel_phase_found | F3: GM_spinel | G3: G_Cu_metal | H3: G_O2 | I3: dG_alternative_J | J3: dG_alternative_kJ | K3: dG_original_J | L3: dG_original_kJ | M3: dG_Fe_oxidation_kJ | N3: notes
A4: 800 | B4: 526.85 | C4: -162100.46 | D4: CUO#1; GAS#1; SPINEL#1 | E4: SPINEL#1 | F4: -162103.12 | G4: -33912.573 | H4: -172813.3 | I4: -85340.853 | J4: -85.340853 | K4: -271031.87 | L4: -271.03187 | M4: -185.69102
A5: 850 | B5: 576.85 | C5: -164531.68 | D5: CUO#1; GAS#1; SPINEL#1 | E5: SPINEL#1 | F5: -164537.26 | G5: -36899.716 | H5: -184655.76 | I5: -82376.584 | J5: -82.376584 | K5: -262714.14 | L5: -262.71414 | M5: -180.33756
A6: 900 | B6: 626.85 | C6: -167047.7 | D6: CUO#1; GAS#1; SPINEL#1 | E6: SPINEL#1 | F6: -167058.82 | G6: -39969.026 | H6: -196598.46 | I6: -79384.097 | J6: -79.384097 | K6: -253638.98 | L6: -253.63898 | M6: -174.25488
A7: 950 | B7: 676.85 | C7: -169644.25 | D7: CUO#1; GAS#1; SPINEL#1 | E7: SPINEL#1 | F7: -169665.25 | G7: -43116.531 | H7: -208636.66 | I7: -76337.724 | J7: -76.337724 | K7: -244633.46 | L7: -244.63346 | M7: -168.29574
A8: 1000 | B8: 726.85 | C8: -172317.53 | D8: CUO#1; GAS#1; SPINEL#1 | E8: SPINEL#1 | F8: -172355.29 | G8: -46338.663 | H8: -220766.04 | I8: -73247.969 | J8: -73.247969 | K8: -235692.71 | L8: -235.69271 | M8: -162.44474
A9: 1050 | B9: 776.85 | C9: -175064.17 | D9: CUO#1; GAS#1; SPINEL#1 | E9: SPINEL#1 | F9: -175128.95 | G9: -49632.202 | H9: -232982.65 | I9: -70178.773 | J9: -70.178773 | K9: -226812.18 | L9: -226.81218 | M9: -156.6334
A10: 1100 | B10: 826.85 | C10: -177881.17 | D10: CUO#1; GAS#1; SPINEL#1 | E10: SPINEL#1 | F10: -177987.48 | G10: -52994.231 | H10: -245282.87 | I10: -67143.947 | J10: -67.143947 | K10: -217989.72 | L10: -217.98972 | M10: -150.84578
A11: 1150 | B11: 876.85 | C11: -180765.91 | D11: CUO#1; GAS#1; SPINEL#1 | E11: SPINEL#1 | F11: -180933.23 | G11: -56422.1 | H11: -257663.37 | I11: -64151.393 | J11: -64.151393 | K11: -209224.61 | L11: -209.22461 | M11: -145.07321
A12: 1200 | B12: 926.85 | C12: -183716.04 | D12: CUO#1; GAS#1; SPINEL#1 | E12: SPINEL#1 | F12: -183969.29 | G12: -59913.4 | H12: -270121.08 | I12: -61206.737 | J12: -61.206737 | K12: -200513.53 | L12: -200.51353 | M12: -139.30679
A13: 1250 | B13: 976.85 | C13: -186729.5 | D13: CUO#1; GAS#1; SPINEL#1 | E13: SPINEL#1 | F13: -187099.09 | G13: -63465.945 | H13: -282653.14 | I13: -58314.513 | J13: -58.314513 | K13: -191857.94 | L13: -191.85794 | M13: -133.54343
A14: 1300 | B14: 1026.85 | C14: -189804.46 | D14: CUO#1; GAS#1; SPINEL#1 | E14: SPINEL#1 | F14: -190325.72 | G14: -67077.645 | H14: -295256.91 | I14: -55478.722 | J14: -55.478722 | K14: -183259.21 | L14: -183.25921 | M14: -127.78049
A15: 1350 | B15: 1076.85 | C15: -192939.27 | D15: CUO#1; GAS#1; SPINEL#1 | E15: SPINEL#1 | F15: -193651.21 | G15: -70746.384 | H15: -307929.93 | I15: -52703.069 | J15: -52.703069 | K15: -174717.43 | L15: -174.71743 | M15: -122.01436
... A22: 1700 | B22: 1426.85 | C22: -218074.4 | D22: GAS#1; IONIC_LIQ#2; SPINEL#1 | E22: SPINEL#1 | F22: -229645.08 | G22: -101277.92 | H22: -398406.06 | I22: -43191.363 | J22: -43.191363 | K22: -122290.5 | L22: -122.2905 | M22: -79.099136
A23: 1750 | B23: 1476.85 | C23: -222375.52 | D23: GAS#1; IONIC_LIQ#2 | G23: -105846.84 | H23: -411562.37 | I23: -44593.64 | J23: -44.59364 | K23: -116776.72 | L23: -116.77672 | M23: -72.183083
A24: 1800 | B24: 1526.85 | C24: -226811.19 | D24: GAS#1; IONIC_LIQ#2 | G24: -110460.6 | H24: -424772.08 | I24: -45669.51 | J24: -45.66951 | K24: -111880.3 | L24: -111.8803 | M24: -66.210792
A25: 1850 | B25: 1576.85 | C25: -231322.16 | D25: GAS#1; IONIC_LIQ#2 | G25: -115117.93 | H25: -438034.03 | I25: -46932.6 | J25: -46.9326 | K25: -107179.28 | L25: -107.17928 | M25: -60.246675
A26: 1900 | B26: 1626.85 | C26: -235907.29 | D26: GAS#1; IONIC_LIQ#2 | G26: -119817.68 | H26: -451347.16 | I26: -46715.289 | J26: -46.715289 | K26: -102693.78 | L26: -102.69378 | M26: -55.978493

Sheet Cu_Activity
A1: RAW TC-PYTHON — Cu activity sweep at 1800 K (4 systems)
A2: a_Cu is invariant in 2-phase fields (Gibbs Phase Rule). TCOX14 has no separate metallic Cu phase; all Cu enters IONIC_LIQ.
A3: system | B3: oxide | C3: T_K | D3: X_Cu | E3: X_M | F3: X_O | G3: a_Cu | H3: stable_phases | I3: notes
A4: Cu-Al-O | B4: Al2O3 | C4: 1800 | D4: 0.9 | E4: 0.04 | F4: 0.06 | G4: 0.00062424159 | H4: CORUNDUM#1; IONIC_LIQ#1
A5: Cu-Al-O | B5: Al2O3 | C5: 1800 | D5: 0.855263 | E5: 0.057895 | F5: 0.086842 | G5: 0.00062424159 | H5: CORUNDUM#1; IONIC_LIQ#1
A6: Cu-Al-O | B6: Al2O3 | C6: 1800 | D6: 0.810526 | E6: 0.075789 | F6: 0.113684 | G6: 0.00062424159 | H6: CORUNDUM#1; IONIC_LIQ#1
A7: Cu-Al-O | B7: Al2O3 | C7: 1800 | D7: 0.765789 | E7: 0.093684 | F7: 0.140526 | G7: 0.00062424159 | H7: CORUNDUM#1; IONIC_LIQ#1
A8: Cu-Al-O | B8: Al2O3 | C8: 1800 | D8: 0.721053 | E8: 0.111579 | F8: 0.167368 | G8: 0.00062424159 | H8: CORUNDUM#1; IONIC_LIQ#1
A9: Cu-Al-O | B9: Al2O3 | C9: 1800 | D9: 0.676316 | E9: 0.129474 | F9: 0.194211 | G9: 0.00062424159 | H9: CORUNDUM#1; IONIC_LIQ#1
A10: Cu-Al-O | B10: Al2O3 | C10: 1800 | D10: 0.631579 | E10: 0.147368 | F10: 0.221053 | G10: 0.00062424159 | H10: CORUNDUM#1; IONIC_LIQ#1
A11: Cu-Al-O | B11: Al2O3 | C11: 1800 | D11: 0.586842 | E11: 0.165263 | F11: 0.247895 | G11: 0.00062424159 | H11: CORUNDUM#1; IONIC_LIQ#1
A12: Cu-Al-O | B12: Al2O3 | C12: 1800 | D12: 0.542105 | E12: 0.183158 | F12: 0.274737 | G12: 0.00062424159 | H12: CORUNDUM#1; IONIC_LIQ#1
A13: Cu-Al-O | B13: Al2O3 | C13: 1800 | D13: 0.497368 | E13: 0.201053 | F13: 0.301579 | G13: 0.00062424159 | H13: CORUNDUM#1; IONIC_LIQ#1
A14: Cu-Al-O | B14: Al2O3 | C14: 1800 | D14: 0.452632 | E14: 0.218947 | F14: 0.328421 | G14: 0.00062424159 | H14: CORUNDUM#1; IONIC_LIQ#1
A15: Cu-Al-O | B15: Al2O3 | C15: 1800 | D15: 0.407895 | E15: 0.236842 | F15: 0.355263 | G15: 0.00062424159 | H15: CORUNDUM#1; IONIC_LIQ#1
... A83: Cu-V-O | B83: V2O5 | C83: 1800 | D83: 0.05 | E83: 0.271429 | F83: 0.678571 | G83: 3.3043762e-05 | H83: GAS#1; IONIC_LIQ#2

Sheet Slag_Effects
A1: RAW TC-PYTHON — Slag basicity effects on Cu activity
A2: MnO:SiO₂ and Al₂O₃:SiO₂ ratio variations at 1800 K. See Activity_and_Slag tab Section 4 for analysis.
A3: system | B3: ratio_label | C3: ratio_value | D3: T_K | E3: X_Cu | F3: X_M1 | G3: X_Si | H3: X_O | I3: a_Cu | J3: stable_phases | K3: notes
A4: Cu-Mn-Si-O | B4: MnO:SiO2 | C4: 0.2 | D4: 1800 | E4: 0.003 | F4: 0.058647 | G4: 0.293235 | H4: 0.645118 | I4: 0.00060242872 | J4: CRISTOBALITE#1; IONIC_LIQ#1; IONIC_LIQ#3
A5: Cu-Mn-Si-O | B5: MnO:SiO2 | C5: 0.4 | D5: 1800 | E5: 0.003 | F5: 0.104947 | G5: 0.262368 | H5: 0.629684 | I5: 0.00059216467 | J5: CRISTOBALITE#1; IONIC_LIQ#1; IONIC_LIQ#2
A6: Cu-Mn-Si-O | B6: MnO:SiO2 | C6: 0.6 | D6: 1800 | E6: 0.003 | F6: 0.142429 | G6: 0.237381 | H6: 0.61719 | I6: 0.00058498596 | J6: CRISTOBALITE#1; IONIC_LIQ#1; IONIC_LIQ#2
A7: Cu-Mn-Si-O | B7: MnO:SiO2 | C7: 0.8 | D7: 1800 | E7: 0.003 | F7: 0.173391 | G7: 0.216739 | H7: 0.60687 | I7: 0.00057955787 | J7: CRISTOBALITE#1; IONIC_LIQ#1; IONIC_LIQ#2
A8: Cu-Mn-Si-O | B8: MnO:SiO2 | C8: 1 | D8: 1800 | E8: 0.003 | F8: 0.1994 | G8: 0.1994 | H8: 0.5982 | I8: 0.00057475403 | J8: IONIC_LIQ#1; IONIC_LIQ#2
A9: Cu-Mn-Si-O | B9: MnO:SiO2 | C9: 1.2 | D9: 1800 | E9: 0.003 | F9: 0.221556 | G9: 0.18463 | H9: 0.590815 | I9: 0.00056900861 | J9: IONIC_LIQ#1; IONIC_LIQ#2
A10: Cu-Mn-Si-O | B10: MnO:SiO2 | C10: 1.4 | D10: 1800 | E10: 0.003 | F10: 0.240655 | G10: 0.171897 | H10: 0.584448 | I10: 0.00056239917 | J10: IONIC_LIQ#1; IONIC_LIQ#3
A11: Cu-Mn-Si-O | B11: MnO:SiO2 | C11: 1.6 | D11: 1800 | E11: 0.003 | F11: 0.25729 | G11: 0.160806 | H11: 0.578903 | I11: 0.0005549646 | J11: IONIC_LIQ#1; IONIC_LIQ#2
A12: Cu-Mn-Si-O | B12: MnO:SiO2 | C12: 1.8 | D12: 1800 | E12: 0.003 | F12: 0.271909 | G12: 0.151061 | H12: 0.57403 | I12: 0.00054696205 | J12: IONIC_LIQ#1; IONIC_LIQ#2
A13: Cu-Mn-Si-O | B13: MnO:SiO2 | C13: 2 | D13: 1800 | E13: 0.003 | F13: 0.284857 | G13: 0.142429 | H13: 0.569714 | I13: 0.00053863749 | J13: IONIC_LIQ#1; IONIC_LIQ#2
A14: Cu-Mn-Si-O | B14: MnO:SiO2 | C14: 2.2 | D14: 1800 | E14: 0.003 | F14: 0.296405 | G14: 0.13473 | H14: 0.565865 | I14: 0.0005302396 | J14: IONIC_LIQ#1; IONIC_LIQ#3
A15: Cu-Mn-Si-O | B15: MnO:SiO2 | C15: 2.4 | D15: 1800 | E15: 0.003 | F15: 0.306769 | G15: 0.127821 | H15: 0.56241 | I15: 0.00052201662 | J15: IONIC_LIQ#1; IONIC_LIQ#2
... A33: Cu-Al-Si-O | B33: Al2O3:SiO2 | C33: 3 | D33: 1800 | E33: 0.003 | F33: 0.332333 | G33: 0.055389 | H33: 0.609278 | I33: 0.00062407644 | J33: CORUNDUM#1; IONIC_LIQ#1; MULLITE#1

Sheet Phase_Map
A1: RAW TC-PYTHON — Ternary composition phase mapping at 1800 K
A2: 20×20 grid for Cu-Fe-O, Cu-Al-O, Cu-Mn-O, Cu-V-O systems. Shows which phases are stable at each composition.
A3: system | B3: T_K | C3: X_Cu | D3: X_M | E3: X_O | F3: stable_phases | G3: num_phases | H3: dominant_phase | I3: GM_system | J3: notes
A4: Cu-Al-O | B4: 1800 | C4: 0.01 | D4: 0.98 | E4: 0.01 | F4: CORUNDUM#1; IONIC_LIQ#1 | G4: 2 | H4: CORUNDUM#1 | I4: -115700.37
A5: Cu-Al-O | B5: 1800 | C5: 0.01 | D5: 0.943684 | E5: 0.046316 | F5: CORUNDUM#1; IONIC_LIQ#1 | G5: 2 | H5: CORUNDUM#1 | I5: -132713.99
A6: Cu-Al-O | B6: 1800 | C6: 0.01 | D6: 0.907368 | E6: 0.082632 | F6: CORUNDUM#1; IONIC_LIQ#1 | G6: 2 | H6: CORUNDUM#1 | I6: -149726.94
A7: Cu-Al-O | B7: 1800 | C7: 0.01 | D7: 0.871053 | E7: 0.118947 | F7: CORUNDUM#1; IONIC_LIQ#1 | G7: 2 | H7: CORUNDUM#1 | I7: -166739.13
A8: Cu-Al-O | B8: 1800 | C8: 0.01 | D8: 0.834737 | E8: 0.155263 | F8: CORUNDUM#1; IONIC_LIQ#1 | G8: 2 | H8: CORUNDUM#1 | I8: -183750.44
A9: Cu-Al-O | B9: 1800 | C9: 0.01 | D9: 0.798421 | E9: 0.191579 | F9: CORUNDUM#1; IONIC_LIQ#1 | G9: 2 | H9: CORUNDUM#1 | I9: -200760.71
A10: Cu-Al-O | B10: 1800 | C10: 0.01 | D10: 0.762105 | E10: 0.227895 | F10: CORUNDUM#1; IONIC_LIQ#1 | G10: 2 | H10: CORUNDUM#1 | I10: -217769.74
A11: Cu-Al-O | B11: 1800 | C11: 0.01 | D11: 0.725789 | E11: 0.264211 | F11: CORUNDUM#1; IONIC_LIQ#1 | G11: 2 | H11: CORUNDUM#1 | I11: -234777.29
A12: Cu-Al-O | B12: 1800 | C12: 0.01 | D12: 0.689474 | E12: 0.300526 | F12: CORUNDUM#1; IONIC_LIQ#1 | G12: 2 | H12: CORUNDUM#1 | I12: -251782.99
A13: Cu-Al-O | B13: 1800 | C13: 0.01 | D13: 0.653158 | E13: 0.336842 | F13: CORUNDUM#1; IONIC_LIQ#1 | G13: 2 | H13: CORUNDUM#1 | I13: -268786.35
A14: Cu-Al-O | B14: 1800 | C14: 0.01 | D14: 0.616842 | E14: 0.373158 | F14: CORUNDUM#1; IONIC_LIQ#1 | G14: 2 | H14: CORUNDUM#1 | I14: -285786.66
A15: Cu-Al-O | B15: 1800 | C15: 0.01 | D15: 0.580526 | E15: 0.409474 | F15: CORUNDUM#1; IONIC_LIQ#1 | G15: 2 | H15: CORUNDUM#1 | I15: -302782.8
... A1110: Cu-Fe-O | B1110: 1800 | C1110: 0.5 | D1110: 0.017895 | E1110: 0.482105 | F1110: GAS#1; IONIC_LIQ#2 | G1110: 2 | H1110: GAS#1 | I1110: -175445.01
